Date,Close,Index
2015-01-01,4941.51,DSEX
2015-01-05,4926.4,DSEX
2015-01-06,4969.67,DSEX
2015-01-07,4963.66,DSEX
2015-01-08,4968.71,DSEX
2015-01-11,4943.99,DSEX
2015-01-12,4956.92,DSEX
2015-01-13,4969.73,DSEX
2015-01-14,4951.68,DSEX
2015-01-15,4956.09,DSEX
2015-01-18,4917.37,DSEX
2015-01-19,4867.08,DSEX
2015-01-20,4856.94,DSEX
2015-01-21,4783.21,DSEX
2015-01-22,4797.95,DSEX
2015-01-25,4716.76,DSEX
2015-01-26,4708.33,DSEX
2015-01-27,4757.1,DSEX
2015-01-28,4747.63,DSEX
2015-01-29,4724.04,DSEX
2015-02-01,4654.95,DSEX
2015-02-02,4618.43,DSEX
2015-02-03,4656.47,DSEX
2015-02-04,4668.05,DSEX
2015-02-05,4685.03,DSEX
2015-02-08,4701.6,DSEX
2015-02-09,4712.56,DSEX
2015-02-10,4786.69,DSEX
2015-02-11,4810.53,DSEX
2015-02-12,4841.72,DSEX
2015-02-15,4831.17,DSEX
2015-02-16,4769.47,DSEX
2015-02-17,4800.4,DSEX
2015-02-18,4802.27,DSEX
2015-02-19,4788.23,DSEX
2015-02-22,4802.17,DSEX
2015-02-23,4808.64,DSEX
2015-02-24,4801.14,DSEX
2015-02-25,4742.22,DSEX
2015-02-26,4763.21,DSEX
2015-03-01,4739.65,DSEX
2015-03-02,4719.4,DSEX
2015-03-03,4695.79,DSEX
2015-03-04,4681.53,DSEX
2015-03-05,4664.91,DSEX
2015-03-08,4624.94,DSEX
2015-03-09,4626.22,DSEX
2015-03-10,4649.3,DSEX
2015-03-11,4585.72,DSEX
2015-03-12,4556.94,DSEX
2015-03-15,4536.39,DSEX
2015-03-16,4477.99,DSEX
2015-03-18,4442.81,DSEX
2015-03-19,4468.02,DSEX
2015-03-22,4533.21,DSEX
2015-03-23,4506.55,DSEX
2015-03-24,4493.4,DSEX
2015-03-25,4509.3,DSEX
2015-03-29,4558.08,DSEX
2015-03-30,4509.28,DSEX
2015-03-31,4530.48,DSEX
2015-04-01,4513.1,DSEX
2015-04-02,4472.13,DSEX
2015-04-05,4431.1,DSEX
2015-04-06,4397.25,DSEX
2015-04-07,4345.03,DSEX
2015-04-08,4347.13,DSEX
2015-04-09,4345.89,DSEX
2015-04-12,4305.27,DSEX
2015-04-13,4291.62,DSEX
2015-04-15,4360.49,DSEX
2015-04-16,4373.33,DSEX
2015-04-19,4373.65,DSEX
2015-04-20,4346.26,DSEX
2015-04-21,4283.24,DSEX
2015-04-22,4252.94,DSEX
2015-04-23,4192.2,DSEX
2015-04-26,4094.47,DSEX
2015-04-27,4118.49,DSEX
2015-04-29,4099.2,DSEX
2015-04-30,4047.28,DSEX
2015-05-04,3959.73,DSEX
2015-05-05,4014.37,DSEX
2015-05-06,4089.88,DSEX
2015-05-07,4122.32,DSEX
2015-05-10,4277.05,DSEX
2015-05-11,4349.22,DSEX
2015-05-12,4326.61,DSEX
2015-05-13,4342.66,DSEX
2015-05-14,4314.88,DSEX
2015-05-17,4315.99,DSEX
2015-05-18,4407.42,DSEX
2015-05-19,4459.28,DSEX
2015-05-20,4455.57,DSEX
2015-05-21,4483.28,DSEX
2015-05-24,4486.77,DSEX
2015-05-25,4615.01,DSEX
2015-05-26,4627.16,DSEX
2015-05-27,4616.12,DSEX
2015-05-28,4544.7,DSEX
2015-05-31,4586.95,DSEX
2015-06-01,4623.63,DSEX
2015-06-02,4586.84,DSEX
2015-06-04,4591.42,DSEX
2015-06-07,4617.7,DSEX
2015-06-08,4542.27,DSEX
2015-06-09,4513.97,DSEX
2015-06-10,4556.68,DSEX
2015-06-11,4515.13,DSEX
2015-06-14,4453.36,DSEX
2015-06-15,4477.55,DSEX
2015-06-16,4506.71,DSEX
2015-06-17,4527.41,DSEX
2015-06-18,4519.85,DSEX
2015-06-21,4511.46,DSEX
2015-06-22,4503.98,DSEX
2015-06-23,4489.45,DSEX
2015-06-24,4457.24,DSEX
2015-06-25,4455.28,DSEX
2015-06-28,4502.22,DSEX
2015-06-29,4531.98,DSEX
2015-06-30,4583.1,DSEX
2015-07-02,4572.58,DSEX
2015-07-05,4536.0,DSEX
2015-07-06,4526.71,DSEX
2015-07-07,4565.24,DSEX
2015-07-08,4579.72,DSEX
2015-07-09,4599.91,DSEX
2015-07-12,4615.19,DSEX
2015-07-13,4628.85,DSEX
2015-07-14,4656.13,DSEX
2015-07-21,4731.31,DSEX
2015-07-22,4741.97,DSEX
2015-07-23,4808.39,DSEX
2015-07-26,4786.49,DSEX
2015-07-27,4775.27,DSEX
2015-07-28,4797.17,DSEX
2015-07-29,4777.9,DSEX
2015-07-30,4792.3,DSEX
2015-08-02,4802.02,DSEX
2015-08-03,4862.55,DSEX
2015-08-04,4871.81,DSEX
2015-08-05,4873.96,DSEX
2015-08-06,4864.45,DSEX
2015-08-09,4844.35,DSEX
2015-08-10,4815.63,DSEX
2015-08-11,4791.47,DSEX
2015-08-12,4821.62,DSEX
2015-08-13,4808.87,DSEX
2015-08-16,4783.8,DSEX
2015-08-17,4768.01,DSEX
2015-08-18,4809.27,DSEX
2015-08-19,4816.97,DSEX
2015-08-20,4840.15,DSEX
2015-08-23,4831.71,DSEX
2015-08-24,4793.99,DSEX
2015-08-25,4792.93,DSEX
2015-08-26,4805.65,DSEX
2015-08-27,4812.82,DSEX
2015-08-30,4790.97,DSEX
2015-08-31,4768.66,DSEX
2015-09-01,4724.51,DSEX
2015-09-02,4763.88,DSEX
2015-09-03,4765.72,DSEX
2015-09-06,4772.65,DSEX
2015-09-07,4791.91,DSEX
2015-09-08,4784.46,DSEX
2015-09-09,4758.43,DSEX
2015-09-10,4760.14,DSEX
2015-09-13,4768.3,DSEX
2015-09-14,4786.19,DSEX
2015-09-15,4801.8,DSEX
2015-09-16,4796.81,DSEX
2015-09-17,4819.45,DSEX
2015-09-20,4830.68,DSEX
2015-09-21,4841.61,DSEX
2015-09-22,4853.29,DSEX
2015-09-28,4866.75,DSEX
2015-09-29,4853.17,DSEX
2015-09-30,4852.08,DSEX
2015-10-01,4856.96,DSEX
2015-10-04,4814.6,DSEX
2015-10-05,4831.59,DSEX
2015-10-06,4833.33,DSEX
2015-10-07,4800.62,DSEX
2015-10-08,4781.36,DSEX
2015-10-11,4728.12,DSEX
2015-10-12,4776.15,DSEX
2015-10-13,4779.66,DSEX
2015-10-14,4716.08,DSEX
2015-10-15,4676.62,DSEX
2015-10-18,4608.03,DSEX
2015-10-19,4644.63,DSEX
2015-10-20,4657.65,DSEX
2015-10-21,4647.67,DSEX
2015-10-25,4649.28,DSEX
2015-10-26,4630.57,DSEX
2015-10-27,4589.33,DSEX
2015-10-28,4579.37,DSEX
2015-10-29,4564.48,DSEX
2015-11-01,4514.85,DSEX
2015-11-02,4536.05,DSEX
2015-11-03,4551.51,DSEX
2015-11-04,4511.31,DSEX
2015-11-05,4502.16,DSEX
2015-11-08,4443.14,DSEX
2015-11-09,4416.9,DSEX
2015-11-10,4410.57,DSEX
2015-11-11,4371.54,DSEX
2015-11-12,4433.57,DSEX
2015-11-15,4424.2,DSEX
2015-11-16,4475.81,DSEX
2015-11-17,4496.35,DSEX
2015-11-18,4496.68,DSEX
2015-11-19,4531.62,DSEX
2015-11-22,4591.7,DSEX
2015-11-23,4585.1,DSEX
2015-11-24,4574.05,DSEX
2015-11-25,4568.01,DSEX
2015-11-26,4573.75,DSEX
2015-11-29,4580.76,DSEX
2015-11-30,4580.99,DSEX
2015-12-01,4621.67,DSEX
2015-12-02,4619.51,DSEX
2015-12-03,4641.03,DSEX
2015-12-06,4654.74,DSEX
2015-12-07,4608.04,DSEX
2015-12-08,4593.48,DSEX
2015-12-09,4587.37,DSEX
2015-12-10,4583.41,DSEX
2015-12-13,4542.73,DSEX
2015-12-14,4533.91,DSEX
2015-12-15,4513.97,DSEX
2015-12-17,4520.87,DSEX
2015-12-20,4511.53,DSEX
2015-12-21,4578.87,DSEX
2015-12-22,4593.73,DSEX
2015-12-23,4588.74,DSEX
2015-12-24,4608.32,DSEX
2015-12-27,4602.51,DSEX
2015-12-28,4592.33,DSEX
2015-12-29,4596.81,DSEX
2015-12-30,4604.91,DSEX
2016-01-03,4624.01,DSEX
2016-01-04,4617.73,DSEX
2016-01-05,4643.25,DSEX
2016-01-06,4679.8,DSEX
2016-01-07,4676.08,DSEX
2016-01-10,4674.83,DSEX
2016-01-11,4663.62,DSEX
2016-01-12,4665.43,DSEX
2016-01-13,4686.05,DSEX
2016-01-14,4694.95,DSEX
2016-01-17,4674.82,DSEX
2016-01-18,4687.2,DSEX
2016-01-19,4697.5,DSEX
2016-01-20,4669.51,DSEX
2016-01-21,4657.94,DSEX
2016-01-24,4626.13,DSEX
2016-01-25,4620.32,DSEX
2016-01-26,4610.11,DSEX
2016-01-27,4585.98,DSEX
2016-01-28,4573.58,DSEX
2016-01-31,4540.89,DSEX
2016-02-01,4560.42,DSEX
2016-02-02,4591.09,DSEX
2016-02-03,4573.33,DSEX
2016-02-04,4571.11,DSEX
2016-02-07,4580.49,DSEX
2016-02-08,4560.76,DSEX
2016-02-09,4570.01,DSEX
2016-02-10,4573.42,DSEX
2016-02-11,4581.34,DSEX
2016-02-14,4580.55,DSEX
2016-02-15,4585.04,DSEX
2016-02-16,4578.85,DSEX
2016-02-17,4580.79,DSEX
2016-02-18,4587.66,DSEX
2016-02-22,4577.61,DSEX
2016-02-23,4598.34,DSEX
2016-02-24,4579.52,DSEX
2016-02-25,4567.56,DSEX
2016-02-28,4536.84,DSEX
2016-02-29,4511.96,DSEX
2016-03-01,4484.03,DSEX
2016-03-02,4462.17,DSEX
2016-03-03,4472.83,DSEX
2016-03-06,4435.46,DSEX
2016-03-07,4443.63,DSEX
2016-03-08,4453.89,DSEX
2016-03-09,4457.8,DSEX
2016-03-10,4484.52,DSEX
2016-03-13,4480.18,DSEX
2016-03-14,4467.61,DSEX
2016-03-15,4475.89,DSEX
2016-03-16,4446.28,DSEX
2016-03-20,4430.28,DSEX
2016-03-21,4442.15,DSEX
2016-03-22,4410.22,DSEX
2016-03-23,4381.16,DSEX
2016-03-24,4370.49,DSEX
2016-03-27,4355.93,DSEX
2016-03-28,4302.57,DSEX
2016-03-29,4311.8,DSEX
2016-03-30,4335.29,DSEX
2016-03-31,4357.53,DSEX
2016-04-03,4379.23,DSEX
2016-04-04,4431.65,DSEX
2016-04-05,4409.72,DSEX
2016-04-06,4413.85,DSEX
2016-04-07,4443.06,DSEX
2016-04-10,4431.12,DSEX
2016-04-11,4401.78,DSEX
2016-04-12,4407.52,DSEX
2016-04-13,4408.64,DSEX
2016-04-17,4393.34,DSEX
2016-04-18,4391.42,DSEX
2016-04-19,4357.63,DSEX
2016-04-20,4359.39,DSEX
2016-04-21,4340.34,DSEX
2016-04-24,4338.24,DSEX
2016-04-25,4321.62,DSEX
2016-04-26,4281.93,DSEX
2016-04-27,4238.94,DSEX
2016-04-28,4195.69,DSEX
2016-05-02,4171.4,DSEX
2016-05-03,4272.17,DSEX
2016-05-04,4258.2,DSEX
2016-05-05,4306.79,DSEX
2016-05-08,4340.06,DSEX
2016-05-09,4329.39,DSEX
2016-05-10,4330.31,DSEX
2016-05-11,4318.44,DSEX
2016-05-12,4298.65,DSEX
2016-05-15,4275.47,DSEX
2016-05-16,4288.64,DSEX
2016-05-17,4326.63,DSEX
2016-05-18,4364.31,DSEX
2016-05-19,4392.87,DSEX
2016-05-22,4394.31,DSEX
2016-05-24,4394.06,DSEX
2016-05-25,4366.03,DSEX
2016-05-26,4388.0,DSEX
2016-05-29,4426.78,DSEX
2016-05-30,4423.0,DSEX
2016-05-31,4419.39,DSEX
2016-06-01,4421.79,DSEX
2016-06-02,4446.08,DSEX
2016-06-05,4425.89,DSEX
2016-06-06,4410.93,DSEX
2016-06-07,4412.51,DSEX
2016-06-08,4420.42,DSEX
2016-06-09,4418.98,DSEX
2016-06-12,4409.4,DSEX
2016-06-13,4405.4,DSEX
2016-06-14,4409.08,DSEX
2016-06-15,4411.99,DSEX
2016-06-16,4395.27,DSEX
2016-06-19,4387.78,DSEX
2016-06-20,4369.0,DSEX
2016-06-21,4363.11,DSEX
2016-06-22,4366.24,DSEX
2016-06-23,4381.46,DSEX
2016-06-26,4380.22,DSEX
2016-06-27,4412.82,DSEX
2016-06-28,4451.36,DSEX
2016-06-29,4470.26,DSEX
2016-06-30,4507.58,DSEX
2016-07-10,4495.18,DSEX
2016-07-11,4505.17,DSEX
2016-07-12,4544.7,DSEX
2016-07-13,4538.08,DSEX
2016-07-14,4537.91,DSEX
2016-07-17,4558.94,DSEX
2016-07-18,4571.81,DSEX
2016-07-19,4556.92,DSEX
2016-07-20,4554.54,DSEX
2016-07-21,4553.78,DSEX
2016-07-24,4551.07,DSEX
2016-07-25,4549.18,DSEX
2016-07-26,4550.16,DSEX
2016-07-27,4538.2,DSEX
2016-07-28,4538.26,DSEX
2016-07-31,4525.34,DSEX
2016-08-01,4533.71,DSEX
2016-08-02,4552.36,DSEX
2016-08-03,4575.97,DSEX
2016-08-04,4577.57,DSEX
2016-08-07,4568.42,DSEX
2016-08-08,4569.12,DSEX
2016-08-09,4567.68,DSEX
2016-08-10,4569.28,DSEX
2016-08-11,4574.36,DSEX
2016-08-14,4577.08,DSEX
2016-08-16,4586.25,DSEX
2016-08-17,4595.23,DSEX
2016-08-18,4585.08,DSEX
2016-08-21,4579.03,DSEX
2016-08-22,4577.84,DSEX
2016-08-23,4563.68,DSEX
2016-08-24,4554.27,DSEX
2016-08-28,4534.55,DSEX
2016-08-29,4534.04,DSEX
2016-08-30,4523.65,DSEX
2016-08-31,4526.57,DSEX
2016-09-01,4549.04,DSEX
2016-09-04,4557.43,DSEX
2016-09-05,4563.69,DSEX
2016-09-06,4568.35,DSEX
2016-09-07,4594.67,DSEX
2016-09-08,4601.08,DSEX
2016-09-14,4601.08,DSEX
2016-09-18,4623.98,DSEX
2016-09-19,4626.17,DSEX
2016-09-20,4639.13,DSEX
2016-09-21,4660.14,DSEX
2016-09-22,4665.35,DSEX
2016-09-24,4680.31,DSEX
2016-09-25,4673.43,DSEX
2016-09-26,4683.99,DSEX
2016-09-27,4677.68,DSEX
2016-09-28,4690.63,DSEX
2016-09-29,4695.18,DSEX
2016-10-02,4690.93,DSEX
2016-10-03,4691.13,DSEX
2016-10-04,4708.78,DSEX
2016-10-05,4714.05,DSEX
2016-10-06,4723.72,DSEX
2016-10-09,4698.63,DSEX
2016-10-10,4689.31,DSEX
2016-10-13,4701.31,DSEX
2016-10-16,4709.62,DSEX
2016-10-17,4692.94,DSEX
2016-10-18,4711.85,DSEX
2016-10-19,4702.51,DSEX
2016-10-20,4692.43,DSEX
2016-10-23,4693.0,DSEX
2016-10-24,4693.7,DSEX
2016-10-25,4681.86,DSEX
2016-10-26,4658.2,DSEX
2016-10-27,4636.23,DSEX
2016-10-30,4605.08,DSEX
2016-10-31,4592.17,DSEX
2016-11-01,4596.86,DSEX
2016-11-02,4633.18,DSEX
2016-11-03,4672.87,DSEX
2016-11-06,4672.39,DSEX
2016-11-07,4689.18,DSEX
2016-11-08,4691.06,DSEX
2016-11-09,4671.25,DSEX
2016-11-10,4677.13,DSEX
2016-11-13,4667.19,DSEX
2016-11-14,4644.98,DSEX
2016-11-15,4664.8,DSEX
2016-11-16,4676.75,DSEX
2016-11-17,4698.54,DSEX
2016-11-20,4721.98,DSEX
2016-11-21,4721.4,DSEX
2016-11-22,4750.2,DSEX
2016-11-23,4765.35,DSEX
2016-11-24,4791.33,DSEX
2016-11-27,4786.57,DSEX
2016-11-28,4797.64,DSEX
2016-11-29,4793.3,DSEX
2016-11-30,4801.24,DSEX
2016-12-01,4823.02,DSEX
2016-12-04,4822.29,DSEX
2016-12-05,4836.32,DSEX
2016-12-06,4846.09,DSEX
2016-12-07,4871.28,DSEX
2016-12-08,4892.81,DSEX
2016-12-11,4861.12,DSEX
2016-12-12,4869.59,DSEX
2016-12-14,4906.92,DSEX
2016-12-15,4925.72,DSEX
2016-12-18,4938.58,DSEX
2016-12-19,4941.65,DSEX
2016-12-20,4931.17,DSEX
2016-12-21,4924.33,DSEX
2016-12-22,4956.73,DSEX
2016-12-26,4993.53,DSEX
2016-12-27,5016.74,DSEX
2016-12-28,5027.91,DSEX
2016-12-29,5036.05,DSEX
2017-01-01,5083.89,DSEX
2017-01-02,5119.58,DSEX
2017-01-03,5137.73,DSEX
2017-01-04,5156.6,DSEX
2017-01-05,5182.24,DSEX
2017-01-08,5158.69,DSEX
2017-01-09,5214.6,DSEX
2017-01-10,5277.39,DSEX
2017-01-11,5333.87,DSEX
2017-01-12,5342.87,DSEX
2017-01-15,5422.79,DSEX
2017-01-16,5477.86,DSEX
2017-01-17,5575.47,DSEX
2017-01-18,5533.49,DSEX
2017-01-19,5534.06,DSEX
2017-01-22,5602.84,DSEX
2017-01-23,5669.79,DSEX
2017-01-24,5708.24,DSEX
2017-01-25,5621.27,DSEX
2017-01-26,5618.64,DSEX
2017-01-29,5500.85,DSEX
2017-01-30,5421.2,DSEX
2017-01-31,5468.34,DSEX
2017-02-01,5473.89,DSEX
2017-02-02,5365.13,DSEX
2017-02-05,5322.86,DSEX
2017-02-06,5363.09,DSEX
2017-02-07,5392.1,DSEX
2017-02-08,5488.23,DSEX
2017-02-09,5512.46,DSEX
2017-02-12,5546.28,DSEX
2017-02-13,5558.57,DSEX
2017-02-14,5598.71,DSEX
2017-02-15,5580.63,DSEX
2017-02-16,5590.66,DSEX
2017-02-19,5583.0,DSEX
2017-02-20,5604.99,DSEX
2017-02-22,5625.83,DSEX
2017-02-23,5625.33,DSEX
2017-02-26,5635.11,DSEX
2017-02-27,5620.24,DSEX
2017-02-28,5612.69,DSEX
2017-03-01,5597.21,DSEX
2017-03-02,5586.74,DSEX
2017-03-05,5573.07,DSEX
2017-03-06,5588.83,DSEX
2017-03-07,5622.49,DSEX
2017-03-08,5649.98,DSEX
2017-03-09,5671.61,DSEX
2017-03-12,5676.25,DSEX
2017-03-13,5659.72,DSEX
2017-03-14,5681.25,DSEX
2017-03-15,5684.31,DSEX
2017-03-16,5701.27,DSEX
2017-03-19,5695.45,DSEX
2017-03-20,5695.72,DSEX
2017-03-21,5724.85,DSEX
2017-03-22,5736.3,DSEX
2017-03-23,5726.23,DSEX
2017-03-27,5697.93,DSEX
2017-03-28,5737.41,DSEX
2017-03-29,5733.24,DSEX
2017-03-30,5719.61,DSEX
2017-04-02,5691.37,DSEX
2017-04-03,5739.33,DSEX
2017-04-04,5777.11,DSEX
2017-04-05,5756.92,DSEX
2017-04-06,5736.4,DSEX
2017-04-09,5700.79,DSEX
2017-04-10,5689.67,DSEX
2017-04-11,5683.46,DSEX
2017-04-12,5646.37,DSEX
2017-04-13,5645.86,DSEX
2017-04-16,5592.83,DSEX
2017-04-17,5596.12,DSEX
2017-04-18,5571.52,DSEX
2017-04-19,5555.09,DSEX
2017-04-20,5521.66,DSEX
2017-04-23,5438.24,DSEX
2017-04-24,5435.63,DSEX
2017-04-25,5469.46,DSEX
2017-04-26,5517.37,DSEX
2017-04-27,5534.42,DSEX
2017-04-30,5475.55,DSEX
2017-05-02,5521.38,DSEX
2017-05-03,5545.1,DSEX
2017-05-04,5540.71,DSEX
2017-05-07,5533.44,DSEX
2017-05-08,5529.5,DSEX
2017-05-09,5511.05,DSEX
2017-05-11,5496.2,DSEX
2017-05-14,5460.07,DSEX
2017-05-15,5428.05,DSEX
2017-05-16,5435.68,DSEX
2017-05-17,5429.66,DSEX
2017-05-18,5399.66,DSEX
2017-05-21,5363.72,DSEX
2017-05-22,5385.35,DSEX
2017-05-23,5394.81,DSEX
2017-05-24,5412.68,DSEX
2017-05-25,5413.81,DSEX
2017-05-28,5372.86,DSEX
2017-05-29,5356.58,DSEX
2017-05-30,5373.25,DSEX
2017-05-31,5403.11,DSEX
2017-06-01,5438.7,DSEX
2017-06-04,5443.99,DSEX
2017-06-05,5482.52,DSEX
2017-06-06,5500.65,DSEX
2017-06-07,5489.87,DSEX
2017-06-08,5475.74,DSEX
2017-06-11,5455.17,DSEX
2017-06-12,5450.11,DSEX
2017-06-13,5454.78,DSEX
2017-06-14,5459.72,DSEX
2017-06-15,5468.32,DSEX
2017-06-18,5461.63,DSEX
2017-06-19,5478.82,DSEX
2017-06-20,5527.22,DSEX
2017-06-21,5567.69,DSEX
2017-06-22,5599.07,DSEX
2017-06-28,5646.28,DSEX
2017-06-29,5656.04,DSEX
2017-07-02,5654.62,DSEX
2017-07-03,5726.37,DSEX
2017-07-04,5760.5,DSEX
2017-07-05,5782.65,DSEX
2017-07-06,5749.65,DSEX
2017-07-09,5774.29,DSEX
2017-07-10,5827.18,DSEX
2017-07-11,5830.77,DSEX
2017-07-12,5790.78,DSEX
2017-07-13,5834.86,DSEX
2017-07-16,5844.72,DSEX
2017-07-17,5824.42,DSEX
2017-07-18,5819.26,DSEX
2017-07-19,5775.59,DSEX
2017-07-20,5782.47,DSEX
2017-07-23,5775.59,DSEX
2017-07-24,5798.11,DSEX
2017-07-25,5801.89,DSEX
2017-07-26,5824.42,DSEX
2017-07-27,5815.07,DSEX
2017-07-30,5802.04,DSEX
2017-07-31,5860.64,DSEX
2017-08-01,5876.26,DSEX
2017-08-02,5891.16,DSEX
2017-08-03,5880.44,DSEX
2017-08-06,5907.62,DSEX
2017-08-07,5913.59,DSEX
2017-08-08,5897.67,DSEX
2017-08-09,5890.12,DSEX
2017-08-10,5901.8,DSEX
2017-08-13,5921.59,DSEX
2017-08-16,5883.24,DSEX
2017-08-17,5861.11,DSEX
2017-08-20,5819.27,DSEX
2017-08-21,5844.1,DSEX
2017-08-22,5862.33,DSEX
2017-08-23,5855.87,DSEX
2017-08-24,5885.42,DSEX
2017-08-27,5915.42,DSEX
2017-08-28,5947.24,DSEX
2017-08-29,5948.5,DSEX
2017-08-30,5973.94,DSEX
2017-08-31,6006.43,DSEX
2017-09-04,6038.37,DSEX
2017-09-05,6083.0,DSEX
2017-09-06,6069.17,DSEX
2017-09-07,6114.98,DSEX
2017-09-10,6167.49,DSEX
2017-09-11,6151.2,DSEX
2017-09-12,6149.39,DSEX
2017-09-13,6184.57,DSEX
2017-09-14,6203.9,DSEX
2017-09-17,6240.57,DSEX
2017-09-18,6235.94,DSEX
2017-09-19,6236.58,DSEX
2017-09-20,6172.91,DSEX
2017-09-21,6170.47,DSEX
2017-09-24,6165.32,DSEX
2017-09-25,6106.24,DSEX
2017-09-26,6104.27,DSEX
2017-09-27,6079.32,DSEX
2017-09-28,6092.84,DSEX
2017-10-02,6092.95,DSEX
2017-10-03,6133.22,DSEX
2017-10-04,6159.95,DSEX
2017-10-05,6202.31,DSEX
2017-10-08,6205.5,DSEX
2017-10-09,6128.89,DSEX
2017-10-10,6141.81,DSEX
2017-10-11,6108.57,DSEX
2017-10-12,6064.4,DSEX
2017-10-15,6008.94,DSEX
2017-10-16,6013.84,DSEX
2017-10-17,6031.74,DSEX
2017-10-18,6025.27,DSEX
2017-10-19,6039.55,DSEX
2017-10-22,6041.2,DSEX
2017-10-23,5981.95,DSEX
2017-10-24,5968.02,DSEX
2017-10-25,6001.52,DSEX
2017-10-26,6018.25,DSEX
2017-10-29,5995.41,DSEX
2017-10-30,5996.24,DSEX
2017-10-31,6019.59,DSEX
2017-11-01,6072.33,DSEX
2017-11-02,6099.02,DSEX
2017-11-05,6072.99,DSEX
2017-11-06,6104.5,DSEX
2017-11-07,6129.69,DSEX
2017-11-08,6159.07,DSEX
2017-11-09,6193.56,DSEX
2017-11-12,6223.78,DSEX
2017-11-13,6216.61,DSEX
2017-11-14,6252.14,DSEX
2017-11-15,6235.71,DSEX
2017-11-16,6282.09,DSEX
2017-11-19,6306.95,DSEX
2017-11-20,6319.12,DSEX
2017-11-21,6281.87,DSEX
2017-11-22,6289.33,DSEX
2017-11-23,6322.51,DSEX
2017-11-26,6336.88,DSEX
2017-11-27,6302.45,DSEX
2017-11-28,6272.57,DSEX
2017-11-29,6278.55,DSEX
2017-11-30,6306.86,DSEX
2017-12-03,6296.2,DSEX
2017-12-04,6262.76,DSEX
2017-12-05,6286.75,DSEX
2017-12-06,6266.29,DSEX
2017-12-07,6248.22,DSEX
2017-12-10,6204.43,DSEX
2017-12-11,6196.65,DSEX
2017-12-12,6251.6,DSEX
2017-12-13,6224.07,DSEX
2017-12-14,6230.01,DSEX
2017-12-17,6213.08,DSEX
2017-12-18,6224.6,DSEX
2017-12-19,6228.65,DSEX
2017-12-20,6196.48,DSEX
2017-12-21,6182.78,DSEX
2017-12-24,6159.3,DSEX
2017-12-26,6167.56,DSEX
2017-12-27,6186.46,DSEX
2017-12-28,6244.52,DSEX
2018-01-01,6254.41,DSEX
2018-01-02,6279.96,DSEX
2018-01-03,6318.27,DSEX
2018-01-04,6302.84,DSEX
2018-01-07,6268.42,DSEX
2018-01-08,6210.5,DSEX
2018-01-09,6198.53,DSEX
2018-01-10,6172.44,DSEX
2018-01-11,6179.32,DSEX
2018-01-14,6117.89,DSEX
2018-01-15,6057.85,DSEX
2018-01-16,6128.8,DSEX
2018-01-17,6098.32,DSEX
2018-01-18,6122.23,DSEX
2018-01-21,6147.19,DSEX
2018-01-22,6195.0,DSEX
2018-01-23,6206.72,DSEX
2018-01-24,6200.68,DSEX
2018-01-25,6215.8,DSEX
2018-01-28,6144.72,DSEX
2018-01-29,6176.44,DSEX
2018-01-30,6127.8,DSEX
2018-01-31,6039.78,DSEX
2018-02-01,6021.44,DSEX
2018-02-04,5888.29,DSEX
2018-02-05,5869.78,DSEX
2018-02-06,5949.24,DSEX
2018-02-07,5936.34,DSEX
2018-02-08,5965.62,DSEX
2018-02-11,6093.95,DSEX
2018-02-12,6082.29,DSEX
2018-02-13,6088.37,DSEX
2018-02-14,6102.3,DSEX
2018-02-15,6050.19,DSEX
2018-02-18,5950.75,DSEX
2018-02-19,5940.24,DSEX
2018-02-20,5909.03,DSEX
2018-02-22,5906.98,DSEX
2018-02-25,5832.12,DSEX
2018-02-26,5774.57,DSEX
2018-02-27,5798.42,DSEX
2018-02-28,5804.94,DSEX
2018-03-01,5870.83,DSEX
2018-03-04,5883.38,DSEX
2018-03-05,5835.33,DSEX
2018-03-06,5847.81,DSEX
2018-03-07,5822.18,DSEX
2018-03-08,5827.98,DSEX
2018-03-11,5773.36,DSEX
2018-03-12,5705.57,DSEX
2018-03-13,5623.64,DSEX
2018-03-14,5635.05,DSEX
2018-03-15,5720.59,DSEX
2018-03-18,5721.69,DSEX
2018-03-19,5663.76,DSEX
2018-03-20,5648.9,DSEX
2018-03-21,5572.05,DSEX
2018-03-22,5580.58,DSEX
2018-03-25,5570.18,DSEX
2018-03-27,5491.79,DSEX
2018-03-28,5488.86,DSEX
2018-03-29,5597.44,DSEX
2018-04-01,5747.14,DSEX
2018-04-02,5827.51,DSEX
2018-04-03,5790.28,DSEX
2018-04-04,5793.05,DSEX
2018-04-05,5841.19,DSEX
2018-04-08,5865.38,DSEX
2018-04-09,5879.41,DSEX
2018-04-10,5859.6,DSEX
2018-04-11,5833.26,DSEX
2018-04-12,5813.13,DSEX
2018-04-15,5773.6,DSEX
2018-04-16,5784.67,DSEX
2018-04-17,5777.95,DSEX
2018-04-18,5822.99,DSEX
2018-04-19,5843.46,DSEX
2018-04-22,5813.28,DSEX
2018-04-23,5806.13,DSEX
2018-04-24,5777.35,DSEX
2018-04-25,5802.02,DSEX
2018-04-26,5813.79,DSEX
2018-04-30,5739.22,DSEX
2018-05-03,5698.68,DSEX
2018-05-06,5694.27,DSEX
2018-05-07,5683.53,DSEX
2018-05-08,5642.46,DSEX
2018-05-09,5627.33,DSEX
2018-05-10,5587.21,DSEX
2018-05-13,5558.66,DSEX
2018-05-14,5557.57,DSEX
2018-05-15,5548.89,DSEX
2018-05-16,5511.76,DSEX
2018-05-17,5443.3,DSEX
2018-05-20,5390.7,DSEX
2018-05-21,5413.28,DSEX
2018-05-22,5391.89,DSEX
2018-05-23,5361.09,DSEX
2018-05-24,5429.69,DSEX
2018-05-27,5456.82,DSEX
2018-05-28,5417.42,DSEX
2018-05-29,5409.69,DSEX
2018-05-30,5395.75,DSEX
2018-05-31,5343.87,DSEX
2018-06-03,5316.96,DSEX
2018-06-04,5313.7,DSEX
2018-06-05,5346.8,DSEX
2018-06-06,5398.75,DSEX
2018-06-07,5366.66,DSEX
2018-06-10,5323.29,DSEX
2018-06-11,5326.44,DSEX
2018-06-12,5365.22,DSEX
2018-06-18,5341.29,DSEX
2018-06-19,5344.96,DSEX
2018-06-20,5384.87,DSEX
2018-06-21,5441.75,DSEX
2018-06-24,5521.99,DSEX
2018-06-25,5433.78,DSEX
2018-06-26,5411.27,DSEX
2018-06-27,5429.04,DSEX
2018-06-28,5405.46,DSEX
2018-07-02,5322.41,DSEX
2018-07-03,5273.16,DSEX
2018-07-04,5309.11,DSEX
2018-07-05,5362.27,DSEX
2018-07-08,5366.02,DSEX
2018-07-09,5341.27,DSEX
2018-07-10,5371.3,DSEX
2018-07-11,5379.24,DSEX
2018-07-12,5358.9,DSEX
2018-07-15,5336.74,DSEX
2018-07-16,5339.91,DSEX
2018-07-17,5325.48,DSEX
2018-07-18,5334.18,DSEX
2018-07-19,5337.42,DSEX
2018-07-22,5339.18,DSEX
2018-07-23,5348.06,DSEX
2018-07-24,5335.38,DSEX
2018-07-25,5319.44,DSEX
2018-07-26,5305.17,DSEX
2018-07-29,5280.07,DSEX
2018-07-30,5262.91,DSEX
2018-07-31,5302.63,DSEX
2018-08-01,5348.2,DSEX
2018-08-02,5399.79,DSEX
2018-08-05,5357.02,DSEX
2018-08-06,5353.41,DSEX
2018-08-07,5381.88,DSEX
2018-08-08,5405.95,DSEX
2018-08-09,5407.0,DSEX
2018-08-12,5407.18,DSEX
2018-08-13,5378.72,DSEX
2018-08-14,5408.45,DSEX
2018-08-16,5467.74,DSEX
2018-08-19,5538.5,DSEX
2018-08-20,5571.19,DSEX
2018-08-26,5596.91,DSEX
2018-08-27,5584.97,DSEX
2018-08-28,5619.41,DSEX
2018-08-29,5610.79,DSEX
2018-08-30,5600.64,DSEX
2018-09-03,5590.42,DSEX
2018-09-04,5552.8,DSEX
2018-09-05,5562.23,DSEX
2018-09-06,5574.24,DSEX
2018-09-09,5549.78,DSEX
2018-09-10,5540.11,DSEX
2018-09-11,5543.93,DSEX
2018-09-12,5528.85,DSEX
2018-09-13,5500.61,DSEX
2018-09-16,5464.17,DSEX
2018-09-17,5443.8,DSEX
2018-09-18,5472.6,DSEX
2018-09-19,5516.5,DSEX
2018-09-20,5467.05,DSEX
2018-09-23,5415.24,DSEX
2018-09-24,5357.54,DSEX
2018-09-25,5386.88,DSEX
2018-09-26,5390.85,DSEX
2018-09-27,5342.88,DSEX
2018-09-30,5368.95,DSEX
2018-10-01,5369.91,DSEX
2018-10-02,5380.93,DSEX
2018-10-03,5422.65,DSEX
2018-10-04,5418.27,DSEX
2018-10-07,5410.81,DSEX
2018-10-08,5440.94,DSEX
2018-10-09,5455.81,DSEX
2018-10-10,5436.15,DSEX
2018-10-11,5435.01,DSEX
2018-10-14,5446.4,DSEX
2018-10-15,5384.41,DSEX
2018-10-16,5399.88,DSEX
2018-10-17,5380.78,DSEX
2018-10-18,5381.51,DSEX
2018-10-21,5331.16,DSEX
2018-10-22,5251.95,DSEX
2018-10-23,5252.67,DSEX
2018-10-24,5276.33,DSEX
2018-10-25,5282.04,DSEX
2018-10-28,5212.23,DSEX
2018-10-29,5246.51,DSEX
2018-10-30,5299.07,DSEX
2018-10-31,5284.12,DSEX
2018-11-01,5258.47,DSEX
2018-11-04,5238.98,DSEX
2018-11-05,5224.94,DSEX
2018-11-06,5204.35,DSEX
2018-11-07,5242.21,DSEX
2018-11-08,5259.11,DSEX
2018-11-11,5278.97,DSEX
2018-11-12,5239.06,DSEX
2018-11-13,5258.58,DSEX
2018-11-14,5245.58,DSEX
2018-11-15,5244.62,DSEX
2018-11-18,5256.06,DSEX
2018-11-19,5257.1,DSEX
2018-11-20,5298.83,DSEX
2018-11-22,5305.95,DSEX
2018-11-25,5276.24,DSEX
2018-11-26,5279.25,DSEX
2018-11-27,5288.54,DSEX
2018-11-28,5286.72,DSEX
2018-11-29,5281.25,DSEX
2018-12-02,5290.76,DSEX
2018-12-03,5296.55,DSEX
2018-12-04,5345.42,DSEX
2018-12-05,5361.11,DSEX
2018-12-06,5332.8,DSEX
2018-12-09,5306.22,DSEX
2018-12-10,5295.69,DSEX
2018-12-11,5275.76,DSEX
2018-12-12,5265.84,DSEX
2018-12-13,5251.01,DSEX
2018-12-17,5218.01,DSEX
2018-12-18,5233.59,DSEX
2018-12-19,5242.56,DSEX
2018-12-20,5265.31,DSEX
2018-12-23,5281.77,DSEX
2018-12-24,5300.09,DSEX
2018-12-26,5349.18,DSEX
2018-12-27,5385.64,DSEX
2019-01-01,5465.25,DSEX
2019-01-02,5496.43,DSEX
2019-01-03,5590.47,DSEX
2019-01-06,5687.0,DSEX
2019-01-07,5655.18,DSEX
2019-01-08,5770.77,DSEX
2019-01-09,5798.59,DSEX
2019-01-10,5797.3,DSEX
2019-01-13,5860.21,DSEX
2019-01-14,5836.23,DSEX
2019-01-15,5863.27,DSEX
2019-01-16,5839.48,DSEX
2019-01-17,5825.57,DSEX
2019-01-20,5887.27,DSEX
2019-01-21,5859.3,DSEX
2019-01-22,5865.46,DSEX
2019-01-23,5925.24,DSEX
2019-01-24,5950.01,DSEX
2019-01-27,5939.45,DSEX
2019-01-28,5904.22,DSEX
2019-01-29,5924.53,DSEX
2019-01-30,5884.11,DSEX
2019-01-31,5821.01,DSEX
2019-02-03,5801.33,DSEX
2019-02-04,5828.07,DSEX
2019-02-05,5800.24,DSEX
2019-02-06,5786.0,DSEX
2019-02-07,5811.92,DSEX
2019-02-10,5763.73,DSEX
2019-02-11,5733.91,DSEX
2019-02-12,5731.95,DSEX
2019-02-13,5748.31,DSEX
2019-02-14,5750.29,DSEX
2019-02-17,5775.82,DSEX
2019-02-18,5724.52,DSEX
2019-02-19,5735.92,DSEX
2019-02-20,5745.83,DSEX
2019-02-24,5714.27,DSEX
2019-02-25,5755.79,DSEX
2019-02-26,5738.64,DSEX
2019-02-27,5711.82,DSEX
2019-02-28,5711.82,DSEX
2019-03-03,5723.07,DSEX
2019-03-04,5682.41,DSEX
2019-03-05,5687.48,DSEX
2019-03-06,5686.38,DSEX
2019-03-07,5688.45,DSEX
2019-03-10,5710.06,DSEX
2019-03-11,5690.82,DSEX
2019-03-12,5682.43,DSEX
2019-03-13,5653.21,DSEX
2019-03-14,5655.81,DSEX
2019-03-18,5604.9,DSEX
2019-03-19,5631.29,DSEX
2019-03-20,5600.55,DSEX
2019-03-21,5570.15,DSEX
2019-03-24,5512.07,DSEX
2019-03-25,5530.07,DSEX
2019-03-27,5502.48,DSEX
2019-03-28,5505.49,DSEX
2019-03-31,5491.9,DSEX
2019-04-01,5503.08,DSEX
2019-04-02,5522.17,DSEX
2019-04-03,5452.19,DSEX
2019-04-04,5459.91,DSEX
2019-04-07,5433.89,DSEX
2019-04-08,5372.23,DSEX
2019-04-09,5318.75,DSEX
2019-04-10,5261.6,DSEX
2019-04-11,5326.39,DSEX
2019-04-15,5309.47,DSEX
2019-04-16,5248.91,DSEX
2019-04-17,5259.41,DSEX
2019-04-18,5321.41,DSEX
2019-04-21,5323.73,DSEX
2019-04-23,5260.85,DSEX
2019-04-24,5240.36,DSEX
2019-04-25,5266.17,DSEX
2019-04-28,5238.19,DSEX
2019-04-29,5175.46,DSEX
2019-04-30,5202.85,DSEX
2019-05-02,5286.75,DSEX
2019-05-05,5394.9,DSEX
2019-05-06,5342.08,DSEX
2019-05-07,5289.99,DSEX
2019-05-08,5272.38,DSEX
2019-05-09,5275.83,DSEX
2019-05-12,5273.92,DSEX
2019-05-13,5247.82,DSEX
2019-05-14,5217.91,DSEX
2019-05-15,5196.03,DSEX
2019-05-16,5230.78,DSEX
2019-05-19,5335.7,DSEX
2019-05-20,5276.14,DSEX
2019-05-21,5236.84,DSEX
2019-05-22,5250.94,DSEX
2019-05-23,5250.59,DSEX
2019-05-26,5253.32,DSEX
2019-05-27,5253.54,DSEX
2019-05-28,5328.76,DSEX
2019-05-29,5354.19,DSEX
2019-05-30,5377.74,DSEX
2019-06-09,5402.96,DSEX
2019-06-10,5431.59,DSEX
2019-06-11,5475.98,DSEX
2019-06-12,5469.63,DSEX
2019-06-13,5474.3,DSEX
2019-06-16,5430.83,DSEX
2019-06-17,5375.29,DSEX
2019-06-18,5400.23,DSEX
2019-06-19,5411.4,DSEX
2019-06-20,5395.62,DSEX
2019-06-23,5383.89,DSEX
2019-06-24,5386.87,DSEX
2019-06-25,5380.96,DSEX
2019-06-26,5410.7,DSEX
2019-06-27,5430.04,DSEX
2019-06-30,5421.62,DSEX
2019-07-02,5384.92,DSEX
2019-07-03,5372.21,DSEX
2019-07-04,5380.79,DSEX
2019-07-07,5333.08,DSEX
2019-07-08,5318.61,DSEX
2019-07-09,5280.04,DSEX
2019-07-10,5230.63,DSEX
2019-07-11,5222.3,DSEX
2019-07-14,5179.49,DSEX
2019-07-15,5091.48,DSEX
2019-07-16,5124.44,DSEX
2019-07-17,5133.13,DSEX
2019-07-18,5130.69,DSEX
2019-07-21,5033.74,DSEX
2019-07-22,4966.44,DSEX
2019-07-23,5077.75,DSEX
2019-07-24,5077.28,DSEX
2019-07-25,5133.25,DSEX
2019-07-28,5133.93,DSEX
2019-07-29,5160.74,DSEX
2019-07-30,5125.02,DSEX
2019-07-31,5138.79,DSEX
2019-08-01,5169.73,DSEX
2019-08-04,5172.86,DSEX
2019-08-05,5160.37,DSEX
2019-08-06,5187.29,DSEX
2019-08-07,5187.2,DSEX
2019-08-08,5201.42,DSEX
2019-08-18,5216.53,DSEX
2019-08-19,5227.26,DSEX
2019-08-20,5227.49,DSEX
2019-08-21,5223.41,DSEX
2019-08-22,5236.85,DSEX
2019-08-25,5223.72,DSEX
2019-08-26,5165.76,DSEX
2019-08-27,5178.7,DSEX
2019-08-28,5139.99,DSEX
2019-08-29,5095.77,DSEX
2019-09-01,5070.68,DSEX
2019-09-02,5033.53,DSEX
2019-09-03,5007.05,DSEX
2019-09-04,4986.37,DSEX
2019-09-05,5013.01,DSEX
2019-09-08,5033.79,DSEX
2019-09-09,5008.96,DSEX
2019-09-11,4933.17,DSEX
2019-09-12,4933.89,DSEX
2019-09-15,4942.23,DSEX
2019-09-16,4959.73,DSEX
2019-09-17,4928.98,DSEX
2019-09-18,4888.01,DSEX
2019-09-19,4855.98,DSEX
2019-09-22,4920.96,DSEX
2019-09-23,5000.23,DSEX
2019-09-24,4958.72,DSEX
2019-09-25,4951.73,DSEX
2019-09-26,4968.46,DSEX
2019-09-29,4975.73,DSEX
2019-09-30,4947.63,DSEX
2019-10-01,4949.39,DSEX
2019-10-02,4936.37,DSEX
2019-10-03,4937.82,DSEX
2019-10-06,4916.68,DSEX
2019-10-07,4894.31,DSEX
2019-10-09,4862.25,DSEX
2019-10-10,4810.21,DSEX
2019-10-13,4761.87,DSEX
2019-10-14,4711.3,DSEX
2019-10-15,4821.64,DSEX
2019-10-16,4781.62,DSEX
2019-10-17,4770.99,DSEX
2019-10-20,4782.09,DSEX
2019-10-21,4761.42,DSEX
2019-10-22,4708.68,DSEX
2019-10-23,4726.62,DSEX
2019-10-24,4772.0,DSEX
2019-10-27,4752.64,DSEX
2019-10-28,4699.22,DSEX
2019-10-29,4670.74,DSEX
2019-10-30,4683.2,DSEX
2019-10-31,4682.9,DSEX
2019-11-03,4712.08,DSEX
2019-11-04,4678.36,DSEX
2019-11-05,4703.7,DSEX
2019-11-06,4754.69,DSEX
2019-11-07,4771.91,DSEX
2019-11-11,4781.47,DSEX
2019-11-12,4779.18,DSEX
2019-11-13,4737.17,DSEX
2019-11-14,4710.36,DSEX
2019-11-17,4717.39,DSEX
2019-11-18,4722.01,DSEX
2019-11-19,4722.37,DSEX
2019-11-20,4691.93,DSEX
2019-11-21,4706.66,DSEX
2019-11-24,4688.42,DSEX
2019-11-25,4693.62,DSEX
2019-11-26,4722.3,DSEX
2019-11-27,4730.34,DSEX
2019-11-28,4731.43,DSEX
2019-12-01,4758.81,DSEX
2019-12-02,4734.59,DSEX
2019-12-03,4697.35,DSEX
2019-12-04,4702.98,DSEX
2019-12-05,4671.33,DSEX
2019-12-08,4596.0,DSEX
2019-12-09,4533.75,DSEX
2019-12-10,4506.93,DSEX
2019-12-11,4512.39,DSEX
2019-12-12,4514.44,DSEX
2019-12-15,4498.49,DSEX
2019-12-17,4419.82,DSEX
2019-12-18,4417.95,DSEX
2019-12-19,4456.83,DSEX
2019-12-22,4430.95,DSEX
2019-12-23,4394.44,DSEX
2019-12-24,4390.67,DSEX
2019-12-26,4418.83,DSEX
2019-12-29,4433.94,DSEX
2019-12-30,4452.93,DSEX
2020-01-01,4453.29,DSEX
2020-01-02,4459.29,DSEX
2020-01-05,4400.14,DSEX
2020-01-06,4331.95,DSEX
2020-01-07,4281.43,DSEX
2020-01-08,4228.36,DSEX
2020-01-09,4197.39,DSEX
2020-01-12,4212.44,DSEX
2020-01-13,4123.48,DSEX
2020-01-14,4036.23,DSEX
2020-01-15,4068.2,DSEX
2020-01-16,4149.82,DSEX
2020-01-19,4382.06,DSEX
2020-01-20,4436.79,DSEX
2020-01-21,4408.1,DSEX
2020-01-22,4440.29,DSEX
2020-01-23,4513.89,DSEX
2020-01-26,4528.2,DSEX
2020-01-27,4493.01,DSEX
2020-01-28,4510.77,DSEX
2020-01-29,4481.79,DSEX
2020-01-30,4469.65,DSEX
2020-02-02,4481.51,DSEX
2020-02-03,4506.87,DSEX
2020-02-04,4479.4,DSEX
2020-02-05,4465.89,DSEX
2020-02-06,4452.96,DSEX
2020-02-09,4388.75,DSEX
2020-02-10,4385.54,DSEX
2020-02-11,4471.51,DSEX
2020-02-12,4480.83,DSEX
2020-02-13,4564.61,DSEX
2020-02-16,4734.15,DSEX
2020-02-17,4768.13,DSEX
2020-02-18,4740.4,DSEX
2020-02-19,4758.0,DSEX
2020-02-20,4733.14,DSEX
2020-02-23,4698.89,DSEX
2020-02-24,4650.89,DSEX
2020-02-25,4621.19,DSEX
2020-02-26,4549.11,DSEX
2020-02-27,4480.22,DSEX
2020-03-01,4409.91,DSEX
2020-03-02,4434.81,DSEX
2020-03-03,4466.07,DSEX
2020-03-04,4409.62,DSEX
2020-03-05,4384.48,DSEX
2020-03-08,4287.38,DSEX
2020-03-09,4008.05,DSEX
2020-03-10,4156.32,DSEX
2020-03-11,4231.48,DSEX
2020-03-12,4129.96,DSEX
2020-03-15,3969.31,DSEX
2020-03-16,3772.55,DSEX
2020-03-18,3603.95,DSEX
2020-03-19,3974.96,DSEX
2020-03-22,3960.17,DSEX
2020-03-23,3984.75,DSEX
2020-03-24,3976.56,DSEX
2020-03-25,4008.28,DSEX
2020-03-29,4008.28,DSEX
2020-05-31,4060.44,DSEX
2020-06-01,3999.49,DSEX
2020-06-02,3969.58,DSEX
2020-06-03,3963.4,DSEX
2020-06-04,3953.38,DSEX
2020-06-07,3961.51,DSEX
2020-06-08,3956.1,DSEX
2020-06-09,3962.37,DSEX
2020-06-10,3966.75,DSEX
2020-06-11,3967.31,DSEX
2020-06-14,3964.28,DSEX
2020-06-15,3958.36,DSEX
2020-06-16,3960.65,DSEX
2020-06-17,3961.9,DSEX
2020-06-18,3960.57,DSEX
2020-06-21,3962.98,DSEX
2020-06-22,3962.04,DSEX
2020-06-23,3963.35,DSEX
2020-06-24,3964.83,DSEX
2020-06-25,3969.28,DSEX
2020-06-28,3974.22,DSEX
2020-06-29,3981.64,DSEX
2020-06-30,3989.08,DSEX
2020-07-02,3986.73,DSEX
2020-07-05,3981.52,DSEX
2020-07-06,3994.65,DSEX
2020-07-07,4001.81,DSEX
2020-07-08,4034.65,DSEX
2020-07-09,4061.56,DSEX
2020-07-12,4099.42,DSEX
2020-07-13,4089.51,DSEX
2020-07-14,4082.14,DSEX
2020-07-15,4079.07,DSEX
2020-07-16,4069.11,DSEX
2020-07-19,4050.64,DSEX
2020-07-20,4070.15,DSEX
2020-07-21,4085.79,DSEX
2020-07-22,4076.79,DSEX
2020-07-23,4080.93,DSEX
2020-07-26,4129.07,DSEX
2020-07-27,4145.38,DSEX
2020-07-28,4156.54,DSEX
2020-07-29,4171.2,DSEX
2020-07-30,4214.42,DSEX
2020-08-03,4271.81,DSEX
2020-08-04,4299.1,DSEX
2020-08-05,4307.15,DSEX
2020-08-06,4364.83,DSEX
2020-08-09,4545.15,DSEX
2020-08-10,4533.05,DSEX
2020-08-12,4633.37,DSEX
2020-08-13,4703.32,DSEX
2020-08-16,4859.48,DSEX
2020-08-17,4785.04,DSEX
2020-08-18,4720.1,DSEX
2020-08-19,4789.37,DSEX
2020-08-20,4794.06,DSEX
2020-08-23,4794.92,DSEX
2020-08-24,4762.43,DSEX
2020-08-25,4781.57,DSEX
2020-08-26,4827.57,DSEX
2020-08-27,4873.17,DSEX
2020-08-31,4879.14,DSEX
2020-09-01,4862.22,DSEX
2020-09-02,4891.53,DSEX
2020-09-03,4927.82,DSEX
2020-09-06,4948.56,DSEX
2020-09-07,4959.18,DSEX
2020-09-08,4978.32,DSEX
2020-09-09,4971.68,DSEX
2020-09-10,5011.29,DSEX
2020-09-13,5094.05,DSEX
2020-09-14,5092.14,DSEX
2020-09-15,5100.54,DSEX
2020-09-16,5116.81,DSEX
2020-09-17,5104.65,DSEX
2020-09-20,5088.87,DSEX
2020-09-21,5012.12,DSEX
2020-09-22,4970.1,DSEX
2020-09-23,4972.13,DSEX
2020-09-24,4978.77,DSEX
2020-09-27,4971.61,DSEX
2020-09-28,5003.62,DSEX
2020-09-29,4982.37,DSEX
2020-09-30,4963.29,DSEX
2020-10-01,4995.31,DSEX
2020-10-04,4997.99,DSEX
2020-10-05,4946.67,DSEX
2020-10-06,4928.86,DSEX
2020-10-07,4934.46,DSEX
2020-10-08,4916.97,DSEX
2020-10-11,4858.36,DSEX
2020-10-12,4809.7,DSEX
2020-10-13,4839.85,DSEX
2020-10-14,4839.05,DSEX
2020-10-15,4872.29,DSEX
2020-10-18,4877.65,DSEX
2020-10-19,4902.15,DSEX
2020-10-20,4917.25,DSEX
2020-10-21,4916.85,DSEX
2020-10-22,4914.03,DSEX
2020-10-25,4892.01,DSEX
2020-10-27,4867.96,DSEX
2020-10-28,4838.52,DSEX
2020-10-29,4846.1,DSEX
2020-11-01,4896.68,DSEX
2020-11-02,4918.38,DSEX
2020-11-03,4928.01,DSEX
2020-11-04,4919.6,DSEX
2020-11-05,4942.12,DSEX
2020-11-08,4923.65,DSEX
2020-11-09,4928.07,DSEX
2020-11-10,4899.64,DSEX
2020-11-11,4883.69,DSEX
2020-11-12,4905.03,DSEX
2020-11-15,4867.73,DSEX
2020-11-16,4871.41,DSEX
2020-11-17,4905.09,DSEX
2020-11-18,4887.12,DSEX
2020-11-19,4879.96,DSEX
2020-11-22,4845.09,DSEX
2020-11-23,4817.7,DSEX
2020-11-24,4833.19,DSEX
2020-11-25,4861.87,DSEX
2020-11-26,4869.09,DSEX
2020-11-29,4881.82,DSEX
2020-11-30,4866.84,DSEX
2020-12-01,4903.95,DSEX
2020-12-02,4934.86,DSEX
2020-12-03,4974.83,DSEX
2020-12-06,5024.38,DSEX
2020-12-07,5053.49,DSEX
2020-12-08,5049.8,DSEX
2020-12-09,5069.88,DSEX
2020-12-10,5094.66,DSEX
2020-12-13,5126.43,DSEX
2020-12-14,5147.02,DSEX
2020-12-15,5123.06,DSEX
2020-12-17,5108.03,DSEX
2020-12-20,5074.58,DSEX
2020-12-21,5115.19,DSEX
2020-12-22,5098.48,DSEX
2020-12-23,5133.29,DSEX
2020-12-24,5218.36,DSEX
2020-12-27,5328.27,DSEX
2020-12-28,5344.01,DSEX
2020-12-29,5358.25,DSEX
2020-12-30,5402.06,DSEX
2021-01-03,5618.95,DSEX
2021-01-04,5652.32,DSEX
2021-01-05,5609.7,DSEX
2021-01-06,5640.19,DSEX
2021-01-07,5621.76,DSEX
2021-01-10,5634.04,DSEX
2021-01-11,5718.75,DSEX
2021-01-12,5861.02,DSEX
2021-01-13,5770.0,DSEX
2021-01-14,5909.3,DSEX
2021-01-17,5850.43,DSEX
2021-01-18,5801.72,DSEX
2021-01-19,5820.8,DSEX
2021-01-20,5827.56,DSEX
2021-01-21,5836.18,DSEX
2021-01-24,5815.54,DSEX
2021-01-25,5789.92,DSEX
2021-01-26,5695.37,DSEX
2021-01-27,5714.74,DSEX
2021-01-28,5724.35,DSEX
2021-01-31,5649.86,DSEX
2021-02-01,5599.8,DSEX
2021-02-02,5564.69,DSEX
2021-02-03,5581.86,DSEX
2021-02-04,5647.67,DSEX
2021-02-07,5504.78,DSEX
2021-02-08,5376.45,DSEX
2021-02-09,5498.54,DSEX
2021-02-10,5509.4,DSEX
2021-02-11,5485.01,DSEX
2021-02-14,5447.64,DSEX
2021-02-15,5545.09,DSEX
2021-02-16,5527.39,DSEX
2021-02-17,5503.67,DSEX
2021-02-18,5475.98,DSEX
2021-02-22,5385.21,DSEX
2021-02-23,5317.71,DSEX
2021-02-24,5385.64,DSEX
2021-02-25,5416.39,DSEX
2021-02-28,5404.79,DSEX
2021-03-01,5426.82,DSEX
2021-03-02,5508.26,DSEX
2021-03-03,5488.07,DSEX
2021-03-04,5515.78,DSEX
2021-03-07,5584.29,DSEX
2021-03-08,5604.38,DSEX
2021-03-09,5591.38,DSEX
2021-03-10,5563.66,DSEX
2021-03-11,5568.85,DSEX
2021-03-14,5519.15,DSEX
2021-03-15,5532.97,DSEX
2021-03-16,5516.4,DSEX
2021-03-18,5434.69,DSEX
2021-03-21,5349.77,DSEX
2021-03-22,5412.19,DSEX
2021-03-23,5413.73,DSEX
2021-03-24,5330.12,DSEX
2021-03-25,5327.21,DSEX
2021-03-28,5343.94,DSEX
2021-03-29,5373.12,DSEX
2021-03-31,5278.16,DSEX
2021-04-01,5270.53,DSEX
2021-04-04,5088.98,DSEX
2021-04-05,5177.48,DSEX
2021-04-06,5281.37,DSEX
2021-04-07,5337.33,DSEX
2021-04-08,5254.77,DSEX
2021-04-11,5164.69,DSEX
2021-04-12,5188.27,DSEX
2021-04-13,5258.5,DSEX
2021-04-15,5310.18,DSEX
2021-04-18,5331.42,DSEX
2021-04-19,5349.91,DSEX
2021-04-20,5421.78,DSEX
2021-04-21,5423.22,DSEX
2021-04-22,5435.03,DSEX
2021-04-25,5498.21,DSEX
2021-04-26,5485.86,DSEX
2021-04-27,5422.38,DSEX
2021-04-28,5461.34,DSEX
2021-04-29,5479.61,DSEX
2021-05-02,5517.01,DSEX
2021-05-03,5511.36,DSEX
2021-05-04,5535.48,DSEX
2021-05-05,5588.83,DSEX
2021-05-06,5606.01,DSEX
2021-05-09,5645.69,DSEX
2021-05-11,5724.36,DSEX
2021-05-12,5750.49,DSEX
2021-05-16,5813.16,DSEX
2021-05-17,5840.08,DSEX
2021-05-18,5829.23,DSEX
2021-05-19,5873.13,DSEX
2021-05-20,5813.06,DSEX
2021-05-23,5787.59,DSEX
2021-05-24,5842.91,DSEX
2021-05-25,5884.78,DSEX
2021-05-27,5985.81,DSEX
2021-05-30,6008.69,DSEX
2021-05-31,5990.98,DSEX
2021-06-01,5993.33,DSEX
2021-06-02,6019.0,DSEX
2021-06-03,6053.42,DSEX
2021-06-06,6038.29,DSEX
2021-06-07,5975.89,DSEX
2021-06-08,6023.15,DSEX
2021-06-09,6055.05,DSEX
2021-06-10,6066.64,DSEX
2021-06-13,6036.05,DSEX
2021-06-14,6013.61,DSEX
2021-06-15,6022.31,DSEX
2021-06-16,6051.73,DSEX
2021-06-17,6052.75,DSEX
2021-06-20,6069.4,DSEX
2021-06-21,6125.41,DSEX
2021-06-22,6105.73,DSEX
2021-06-23,6035.84,DSEX
2021-06-24,6092.83,DSEX
2021-06-27,5992.73,DSEX
2021-06-28,6026.64,DSEX
2021-06-29,6042.49,DSEX
2021-06-30,6150.48,DSEX
2021-07-04,6150.48,DSEX
2021-07-05,6219.94,DSEX
2021-07-06,6196.57,DSEX
2021-07-07,6177.21,DSEX
2021-07-08,6212.76,DSEX
2021-07-12,6208.39,DSEX
2021-07-13,6266.01,DSEX
2021-07-14,6273.33,DSEX
2021-07-15,6307.35,DSEX
2021-07-18,6346.52,DSEX
2021-07-19,6405.04,DSEX
2021-07-25,6424.21,DSEX
2021-07-26,6404.03,DSEX
2021-07-27,6379.67,DSEX
2021-07-28,6417.19,DSEX
2021-07-29,6425.25,DSEX
2021-08-02,6481.56,DSEX
2021-08-03,6535.87,DSEX
2021-08-05,6596.07,DSEX
2021-08-09,6628.14,DSEX
2021-08-10,6617.83,DSEX
2021-08-11,6623.31,DSEX
2021-08-12,6699.39,DSEX
2021-08-16,6748.92,DSEX
2021-08-17,6787.16,DSEX
2021-08-18,6771.84,DSEX
2021-08-19,6760.61,DSEX
2021-08-22,6842.23,DSEX
2021-08-23,6862.41,DSEX
2021-08-24,6884.67,DSEX
2021-08-25,6878.75,DSEX
2021-08-26,6851.32,DSEX
2015-01-01,1843.18,DS30
2015-01-05,1844.41,DS30
2015-01-06,1859.06,DS30
2015-01-07,1857.15,DS30
2015-01-08,1854.14,DS30
2015-01-11,1835.23,DS30
2015-01-12,1845.74,DS30
2015-01-13,1849.22,DS30
2015-01-14,1840.67,DS30
2015-01-15,1839.39,DS30
2015-01-18,1820.7,DS30
2015-01-19,1803.63,DS30
2015-01-20,1802.07,DS30
2015-01-21,1774.77,DS30
2015-01-22,1778.8,DS30
2015-01-25,1745.8,DS30
2015-01-26,1736.36,DS30
2015-01-27,1755.53,DS30
2015-01-28,1756.8,DS30
2015-01-29,1747.75,DS30
2015-02-01,1723.54,DS30
2015-02-02,1705.62,DS30
2015-02-03,1723.62,DS30
2015-02-04,1726.4,DS30
2015-02-05,1733.22,DS30
2015-02-08,1743.67,DS30
2015-02-09,1749.67,DS30
2015-02-10,1788.21,DS30
2015-02-11,1804.9,DS30
2015-02-12,1812.35,DS30
2015-02-15,1804.89,DS30
2015-02-16,1775.11,DS30
2015-02-17,1786.72,DS30
2015-02-18,1786.17,DS30
2015-02-19,1777.86,DS30
2015-02-22,1788.15,DS30
2015-02-23,1797.66,DS30
2015-02-24,1793.07,DS30
2015-02-25,1770.01,DS30
2015-02-26,1772.41,DS30
2015-03-01,1758.78,DS30
2015-03-02,1754.17,DS30
2015-03-03,1748.98,DS30
2015-03-04,1737.72,DS30
2015-03-05,1730.94,DS30
2015-03-08,1712.29,DS30
2015-03-09,1714.66,DS30
2015-03-10,1729.9,DS30
2015-03-11,1716.54,DS30
2015-03-12,1714.41,DS30
2015-03-15,1709.4,DS30
2015-03-16,1691.5,DS30
2015-03-18,1675.11,DS30
2015-03-19,1686.67,DS30
2015-03-22,1721.06,DS30
2015-03-23,1711.57,DS30
2015-03-24,1707.22,DS30
2015-03-25,1713.85,DS30
2015-03-29,1737.88,DS30
2015-03-30,1717.48,DS30
2015-03-31,1728.47,DS30
2015-04-01,1719.88,DS30
2015-04-02,1703.06,DS30
2015-04-05,1696.8,DS30
2015-04-06,1685.73,DS30
2015-04-07,1669.16,DS30
2015-04-08,1671.47,DS30
2015-04-09,1671.17,DS30
2015-04-12,1659.18,DS30
2015-04-13,1653.61,DS30
2015-04-15,1670.7,DS30
2015-04-16,1668.34,DS30
2015-04-19,1656.29,DS30
2015-04-20,1648.94,DS30
2015-04-21,1632.24,DS30
2015-04-22,1621.56,DS30
2015-04-23,1592.75,DS30
2015-04-26,1558.13,DS30
2015-04-27,1567.79,DS30
2015-04-29,1562.93,DS30
2015-04-30,1545.18,DS30
2015-05-04,1505.7,DS30
2015-05-05,1522.16,DS30
2015-05-06,1548.68,DS30
2015-05-07,1558.2,DS30
2015-05-10,1617.17,DS30
2015-05-11,1624.71,DS30
2015-05-12,1622.49,DS30
2015-05-13,1635.67,DS30
2015-05-14,1623.71,DS30
2015-05-17,1630.19,DS30
2015-05-18,1665.84,DS30
2015-05-19,1686.44,DS30
2015-05-20,1678.87,DS30
2015-05-21,1683.43,DS30
2015-05-24,1682.44,DS30
2015-05-25,1736.31,DS30
2015-05-26,1748.78,DS30
2015-05-27,1760.15,DS30
2015-05-28,1731.44,DS30
2015-05-31,1758.01,DS30
2015-06-01,1765.96,DS30
2015-06-02,1757.89,DS30
2015-06-04,1765.18,DS30
2015-06-07,1775.68,DS30
2015-06-08,1748.16,DS30
2015-06-09,1738.48,DS30
2015-06-10,1759.6,DS30
2015-06-11,1744.3,DS30
2015-06-14,1720.49,DS30
2015-06-15,1730.87,DS30
2015-06-16,1741.82,DS30
2015-06-17,1746.07,DS30
2015-06-18,1742.62,DS30
2015-06-21,1731.04,DS30
2015-06-22,1733.0,DS30
2015-06-23,1733.21,DS30
2015-06-24,1717.04,DS30
2015-06-25,1715.66,DS30
2015-06-28,1738.41,DS30
2015-06-29,1752.01,DS30
2015-06-30,1769.36,DS30
2015-07-02,1772.9,DS30
2015-07-05,1761.63,DS30
2015-07-06,1764.49,DS30
2015-07-07,1782.15,DS30
2015-07-08,1784.17,DS30
2015-07-09,1795.24,DS30
2015-07-12,1811.2,DS30
2015-07-13,1815.06,DS30
2015-07-14,1820.88,DS30
2015-07-21,1858.34,DS30
2015-07-22,1857.44,DS30
2015-07-23,1888.83,DS30
2015-07-26,1876.9,DS30
2015-07-27,1869.25,DS30
2015-07-28,1879.15,DS30
2015-07-29,1869.55,DS30
2015-07-30,1883.91,DS30
2015-08-02,1885.9,DS30
2015-08-03,1901.5,DS30
2015-08-04,1904.75,DS30
2015-08-05,1889.75,DS30
2015-08-06,1886.83,DS30
2015-08-09,1881.57,DS30
2015-08-10,1869.31,DS30
2015-08-11,1859.48,DS30
2015-08-12,1868.13,DS30
2015-08-13,1859.39,DS30
2015-08-16,1845.27,DS30
2015-08-17,1827.92,DS30
2015-08-18,1841.86,DS30
2015-08-19,1849.35,DS30
2015-08-20,1850.94,DS30
2015-08-23,1844.23,DS30
2015-08-24,1832.05,DS30
2015-08-25,1832.92,DS30
2015-08-26,1837.97,DS30
2015-08-27,1840.88,DS30
2015-08-30,1835.4,DS30
2015-08-31,1826.97,DS30
2015-09-01,1806.29,DS30
2015-09-02,1825.0,DS30
2015-09-03,1823.17,DS30
2015-09-06,1819.16,DS30
2015-09-07,1829.46,DS30
2015-09-08,1827.02,DS30
2015-09-09,1815.77,DS30
2015-09-10,1814.59,DS30
2015-09-13,1818.6,DS30
2015-09-14,1824.92,DS30
2015-09-15,1837.66,DS30
2015-09-16,1836.24,DS30
2015-09-17,1848.12,DS30
2015-09-20,1850.79,DS30
2015-09-21,1855.9,DS30
2015-09-22,1860.35,DS30
2015-09-28,1863.72,DS30
2015-09-29,1854.02,DS30
2015-09-30,1847.97,DS30
2015-10-01,1851.27,DS30
2015-10-04,1834.61,DS30
2015-10-05,1840.17,DS30
2015-10-06,1842.87,DS30
2015-10-07,1827.82,DS30
2015-10-08,1815.99,DS30
2015-10-11,1794.69,DS30
2015-10-12,1813.58,DS30
2015-10-13,1812.87,DS30
2015-10-14,1788.25,DS30
2015-10-15,1766.5,DS30
2015-10-18,1743.48,DS30
2015-10-19,1763.39,DS30
2015-10-20,1766.85,DS30
2015-10-21,1762.55,DS30
2015-10-25,1762.21,DS30
2015-10-26,1751.21,DS30
2015-10-27,1735.69,DS30
2015-10-28,1730.84,DS30
2015-10-29,1725.97,DS30
2015-11-01,1709.03,DS30
2015-11-02,1722.49,DS30
2015-11-03,1728.54,DS30
2015-11-04,1713.87,DS30
2015-11-05,1711.36,DS30
2015-11-08,1689.51,DS30
2015-11-09,1680.23,DS30
2015-11-10,1681.48,DS30
2015-11-11,1664.51,DS30
2015-11-12,1689.08,DS30
2015-11-15,1686.39,DS30
2015-11-16,1699.35,DS30
2015-11-17,1707.91,DS30
2015-11-18,1706.33,DS30
2015-11-19,1721.06,DS30
2015-11-22,1745.78,DS30
2015-11-23,1743.52,DS30
2015-11-24,1733.02,DS30
2015-11-25,1727.95,DS30
2015-11-26,1729.64,DS30
2015-11-29,1730.78,DS30
2015-11-30,1734.08,DS30
2015-12-01,1754.76,DS30
2015-12-02,1757.16,DS30
2015-12-03,1772.22,DS30
2015-12-06,1777.51,DS30
2015-12-07,1756.82,DS30
2015-12-08,1749.24,DS30
2015-12-09,1743.94,DS30
2015-12-10,1741.09,DS30
2015-12-13,1726.25,DS30
2015-12-14,1724.74,DS30
2015-12-15,1717.09,DS30
2015-12-17,1719.74,DS30
2015-12-20,1714.63,DS30
2015-12-21,1734.11,DS30
2015-12-22,1744.6,DS30
2015-12-23,1740.81,DS30
2015-12-24,1747.43,DS30
2015-12-27,1747.5,DS30
2015-12-28,1744.06,DS30
2015-12-29,1742.37,DS30
2015-12-30,1741.59,DS30
2016-01-03,1759.51,DS30
2016-01-04,1756.56,DS30
2016-01-05,1764.07,DS30
2016-01-06,1774.99,DS30
2016-01-07,1771.28,DS30
2016-01-10,1764.43,DS30
2016-01-11,1756.93,DS30
2016-01-12,1757.07,DS30
2016-01-13,1760.2,DS30
2016-01-14,1761.1,DS30
2016-01-17,1753.72,DS30
2016-01-18,1753.55,DS30
2016-01-19,1767.29,DS30
2016-01-20,1755.87,DS30
2016-01-21,1751.03,DS30
2016-01-24,1750.43,DS30
2016-01-25,1750.07,DS30
2016-01-26,1746.79,DS30
2016-01-27,1732.68,DS30
2016-01-28,1729.15,DS30
2016-01-31,1719.15,DS30
2016-02-01,1729.63,DS30
2016-02-02,1746.17,DS30
2016-02-03,1747.11,DS30
2016-02-04,1742.72,DS30
2016-02-07,1747.89,DS30
2016-02-08,1741.92,DS30
2016-02-09,1748.31,DS30
2016-02-10,1749.36,DS30
2016-02-11,1759.58,DS30
2016-02-14,1760.57,DS30
2016-02-15,1761.47,DS30
2016-02-16,1752.72,DS30
2016-02-17,1759.19,DS30
2016-02-18,1766.22,DS30
2016-02-22,1773.68,DS30
2016-02-23,1777.22,DS30
2016-02-24,1757.75,DS30
2016-02-25,1753.2,DS30
2016-02-28,1736.93,DS30
2016-02-29,1722.85,DS30
2016-03-01,1715.41,DS30
2016-03-02,1713.28,DS30
2016-03-03,1718.68,DS30
2016-03-06,1703.77,DS30
2016-03-07,1703.3,DS30
2016-03-08,1709.58,DS30
2016-03-09,1710.57,DS30
2016-03-10,1721.06,DS30
2016-03-13,1721.52,DS30
2016-03-14,1712.48,DS30
2016-03-15,1713.34,DS30
2016-03-16,1693.3,DS30
2016-03-20,1688.63,DS30
2016-03-21,1691.59,DS30
2016-03-22,1673.88,DS30
2016-03-23,1658.14,DS30
2016-03-24,1655.45,DS30
2016-03-27,1651.13,DS30
2016-03-28,1630.82,DS30
2016-03-29,1631.73,DS30
2016-03-30,1645.14,DS30
2016-03-31,1648.95,DS30
2016-04-03,1650.88,DS30
2016-04-04,1678.1,DS30
2016-04-05,1670.25,DS30
2016-04-06,1670.52,DS30
2016-04-07,1686.23,DS30
2016-04-10,1681.12,DS30
2016-04-11,1673.93,DS30
2016-04-12,1678.87,DS30
2016-04-13,1683.35,DS30
2016-04-17,1673.22,DS30
2016-04-18,1672.86,DS30
2016-04-19,1662.39,DS30
2016-04-20,1667.46,DS30
2016-04-21,1666.15,DS30
2016-04-24,1663.52,DS30
2016-04-25,1658.53,DS30
2016-04-26,1647.0,DS30
2016-04-27,1632.78,DS30
2016-04-28,1612.34,DS30
2016-05-02,1599.23,DS30
2016-05-03,1644.5,DS30
2016-05-04,1641.81,DS30
2016-05-05,1665.28,DS30
2016-05-08,1682.6,DS30
2016-05-09,1679.08,DS30
2016-05-10,1681.08,DS30
2016-05-11,1673.53,DS30
2016-05-12,1667.24,DS30
2016-05-15,1660.01,DS30
2016-05-16,1666.44,DS30
2016-05-17,1689.52,DS30
2016-05-18,1708.54,DS30
2016-05-19,1719.21,DS30
2016-05-22,1712.93,DS30
2016-05-24,1704.76,DS30
2016-05-25,1693.01,DS30
2016-05-26,1707.96,DS30
2016-05-29,1734.74,DS30
2016-05-30,1733.77,DS30
2016-05-31,1745.8,DS30
2016-06-01,1746.11,DS30
2016-06-02,1761.18,DS30
2016-06-05,1747.32,DS30
2016-06-06,1737.26,DS30
2016-06-07,1739.64,DS30
2016-06-08,1741.56,DS30
2016-06-09,1738.06,DS30
2016-06-12,1737.39,DS30
2016-06-13,1736.51,DS30
2016-06-14,1738.51,DS30
2016-06-15,1737.99,DS30
2016-06-16,1729.29,DS30
2016-06-19,1724.33,DS30
2016-06-20,1712.99,DS30
2016-06-21,1710.21,DS30
2016-06-22,1710.08,DS30
2016-06-23,1714.38,DS30
2016-06-26,1714.75,DS30
2016-06-27,1726.36,DS30
2016-06-28,1740.14,DS30
2016-06-29,1751.17,DS30
2016-06-30,1770.82,DS30
2016-07-10,1759.56,DS30
2016-07-11,1756.82,DS30
2016-07-12,1772.14,DS30
2016-07-13,1776.52,DS30
2016-07-14,1778.7,DS30
2016-07-17,1783.94,DS30
2016-07-18,1787.26,DS30
2016-07-19,1781.31,DS30
2016-07-20,1779.74,DS30
2016-07-21,1779.28,DS30
2016-07-24,1778.83,DS30
2016-07-25,1778.13,DS30
2016-07-26,1777.8,DS30
2016-07-27,1771.92,DS30
2016-07-28,1771.5,DS30
2016-07-31,1770.28,DS30
2016-08-01,1774.8,DS30
2016-08-02,1782.67,DS30
2016-08-03,1793.72,DS30
2016-08-04,1795.2,DS30
2016-08-07,1789.28,DS30
2016-08-08,1785.65,DS30
2016-08-09,1783.04,DS30
2016-08-10,1783.91,DS30
2016-08-11,1781.02,DS30
2016-08-14,1776.39,DS30
2016-08-16,1773.85,DS30
2016-08-17,1771.62,DS30
2016-08-18,1765.92,DS30
2016-08-21,1766.25,DS30
2016-08-22,1762.9,DS30
2016-08-23,1756.92,DS30
2016-08-24,1748.17,DS30
2016-08-28,1740.96,DS30
2016-08-29,1736.35,DS30
2016-08-30,1734.78,DS30
2016-08-31,1735.36,DS30
2016-09-01,1744.62,DS30
2016-09-04,1747.89,DS30
2016-09-05,1751.55,DS30
2016-09-06,1754.31,DS30
2016-09-07,1762.28,DS30
2016-09-08,1759.66,DS30
2016-09-14,1759.66,DS30
2016-09-18,1765.74,DS30
2016-09-19,1763.68,DS30
2016-09-20,1770.35,DS30
2016-09-21,1773.45,DS30
2016-09-22,1771.02,DS30
2016-09-24,1771.9,DS30
2016-09-25,1768.59,DS30
2016-09-26,1771.49,DS30
2016-09-27,1775.05,DS30
2016-09-28,1779.39,DS30
2016-09-29,1778.7,DS30
2016-10-02,1776.51,DS30
2016-10-03,1778.68,DS30
2016-10-04,1784.92,DS30
2016-10-05,1783.85,DS30
2016-10-06,1784.59,DS30
2016-10-09,1762.25,DS30
2016-10-10,1759.95,DS30
2016-10-13,1767.55,DS30
2016-10-16,1764.77,DS30
2016-10-17,1754.62,DS30
2016-10-18,1755.15,DS30
2016-10-19,1750.54,DS30
2016-10-20,1748.22,DS30
2016-10-23,1754.2,DS30
2016-10-24,1757.53,DS30
2016-10-25,1758.25,DS30
2016-10-26,1757.23,DS30
2016-10-27,1751.44,DS30
2016-10-30,1734.94,DS30
2016-10-31,1733.43,DS30
2016-11-01,1731.02,DS30
2016-11-02,1739.91,DS30
2016-11-03,1757.76,DS30
2016-11-06,1756.8,DS30
2016-11-07,1762.8,DS30
2016-11-08,1763.78,DS30
2016-11-09,1756.47,DS30
2016-11-10,1758.15,DS30
2016-11-13,1755.16,DS30
2016-11-14,1746.64,DS30
2016-11-15,1752.56,DS30
2016-11-16,1753.8,DS30
2016-11-17,1758.45,DS30
2016-11-20,1763.8,DS30
2016-11-21,1765.3,DS30
2016-11-22,1764.2,DS30
2016-11-23,1764.06,DS30
2016-11-24,1769.53,DS30
2016-11-27,1768.49,DS30
2016-11-28,1769.99,DS30
2016-11-29,1768.06,DS30
2016-11-30,1775.33,DS30
2016-12-01,1787.69,DS30
2016-12-04,1783.29,DS30
2016-12-05,1784.36,DS30
2016-12-06,1785.47,DS30
2016-12-07,1793.11,DS30
2016-12-08,1795.66,DS30
2016-12-11,1784.18,DS30
2016-12-12,1785.61,DS30
2016-12-14,1797.35,DS30
2016-12-15,1806.0,DS30
2016-12-18,1803.03,DS30
2016-12-19,1796.83,DS30
2016-12-20,1797.18,DS30
2016-12-21,1791.57,DS30
2016-12-22,1796.64,DS30
2016-12-26,1798.25,DS30
2016-12-27,1807.45,DS30
2016-12-28,1808.45,DS30
2016-12-29,1810.91,DS30
2017-01-01,1821.88,DS30
2017-01-02,1841.6,DS30
2017-01-03,1852.64,DS30
2017-01-04,1855.92,DS30
2017-01-05,1864.24,DS30
2017-01-08,1860.56,DS30
2017-01-09,1879.12,DS30
2017-01-10,1894.66,DS30
2017-01-11,1908.36,DS30
2017-01-12,1910.5,DS30
2017-01-15,1934.06,DS30
2017-01-16,1944.47,DS30
2017-01-17,1984.07,DS30
2017-01-18,1980.88,DS30
2017-01-19,1983.7,DS30
2017-01-22,2011.72,DS30
2017-01-23,2024.63,DS30
2017-01-24,2040.26,DS30
2017-01-25,2028.06,DS30
2017-01-26,2038.48,DS30
2017-01-29,2003.24,DS30
2017-01-30,1978.46,DS30
2017-01-31,1993.15,DS30
2017-02-01,1993.64,DS30
2017-02-02,1956.89,DS30
2017-02-05,1952.41,DS30
2017-02-06,1961.85,DS30
2017-02-07,1967.25,DS30
2017-02-08,1993.86,DS30
2017-02-09,2002.36,DS30
2017-02-12,2011.24,DS30
2017-02-13,2024.75,DS30
2017-02-14,2034.51,DS30
2017-02-15,2025.53,DS30
2017-02-16,2027.68,DS30
2017-02-19,2020.42,DS30
2017-02-20,2025.96,DS30
2017-02-22,2033.45,DS30
2017-02-23,2036.19,DS30
2017-02-26,2037.34,DS30
2017-02-27,2029.67,DS30
2017-02-28,2025.82,DS30
2017-03-01,2021.25,DS30
2017-03-02,2021.03,DS30
2017-03-05,2010.86,DS30
2017-03-06,2017.21,DS30
2017-03-07,2031.73,DS30
2017-03-08,2040.99,DS30
2017-03-09,2049.63,DS30
2017-03-12,2055.02,DS30
2017-03-13,2043.38,DS30
2017-03-14,2043.64,DS30
2017-03-15,2051.33,DS30
2017-03-16,2059.63,DS30
2017-03-19,2066.31,DS30
2017-03-20,2061.54,DS30
2017-03-21,2065.91,DS30
2017-03-22,2077.13,DS30
2017-03-23,2076.66,DS30
2017-03-27,2071.79,DS30
2017-03-28,2095.19,DS30
2017-03-29,2099.89,DS30
2017-03-30,2090.75,DS30
2017-04-02,2083.9,DS30
2017-04-03,2115.98,DS30
2017-04-04,2143.66,DS30
2017-04-05,2139.16,DS30
2017-04-06,2134.19,DS30
2017-04-09,2119.56,DS30
2017-04-10,2116.45,DS30
2017-04-11,2107.69,DS30
2017-04-12,2093.59,DS30
2017-04-13,2087.33,DS30
2017-04-16,2059.7,DS30
2017-04-17,2066.02,DS30
2017-04-18,2056.18,DS30
2017-04-19,2055.16,DS30
2017-04-20,2050.43,DS30
2017-04-23,2024.51,DS30
2017-04-24,2019.71,DS30
2017-04-25,2026.35,DS30
2017-04-26,2038.59,DS30
2017-04-27,2034.71,DS30
2017-04-30,2016.13,DS30
2017-05-02,2032.37,DS30
2017-05-03,2041.12,DS30
2017-05-04,2033.72,DS30
2017-05-07,2033.42,DS30
2017-05-08,2035.6,DS30
2017-05-09,2026.18,DS30
2017-05-11,2023.96,DS30
2017-05-14,2017.95,DS30
2017-05-15,2002.33,DS30
2017-05-16,1997.77,DS30
2017-05-17,2002.11,DS30
2017-05-18,1991.79,DS30
2017-05-21,1982.49,DS30
2017-05-22,1993.78,DS30
2017-05-23,1997.54,DS30
2017-05-24,2009.25,DS30
2017-05-25,2011.36,DS30
2017-05-28,1994.47,DS30
2017-05-29,1989.26,DS30
2017-05-30,1991.99,DS30
2017-05-31,2005.18,DS30
2017-06-01,2022.73,DS30
2017-06-04,2028.49,DS30
2017-06-05,2044.82,DS30
2017-06-06,2047.16,DS30
2017-06-07,2043.8,DS30
2017-06-08,2037.01,DS30
2017-06-11,2032.28,DS30
2017-06-12,2024.71,DS30
2017-06-13,2026.64,DS30
2017-06-14,2027.14,DS30
2017-06-15,2031.29,DS30
2017-06-18,2031.01,DS30
2017-06-19,2032.88,DS30
2017-06-20,2049.52,DS30
2017-06-21,2063.07,DS30
2017-06-22,2071.4,DS30
2017-06-28,2083.96,DS30
2017-06-29,2083.8,DS30
2017-07-02,2078.75,DS30
2017-07-03,2105.36,DS30
2017-07-04,2114.42,DS30
2017-07-05,2120.77,DS30
2017-07-06,2103.57,DS30
2017-07-09,2108.27,DS30
2017-07-10,2122.14,DS30
2017-07-11,2126.6,DS30
2017-07-12,2116.31,DS30
2017-07-13,2131.16,DS30
2017-07-16,2133.36,DS30
2017-07-17,2133.03,DS30
2017-07-18,2134.24,DS30
2017-07-19,2121.25,DS30
2017-07-20,2121.79,DS30
2017-07-23,2121.17,DS30
2017-07-24,2125.34,DS30
2017-07-25,2124.24,DS30
2017-07-26,2131.34,DS30
2017-07-27,2129.1,DS30
2017-07-30,2126.81,DS30
2017-07-31,2143.5,DS30
2017-08-01,2136.95,DS30
2017-08-02,2131.66,DS30
2017-08-03,2123.12,DS30
2017-08-06,2130.07,DS30
2017-08-07,2125.07,DS30
2017-08-08,2119.65,DS30
2017-08-09,2121.21,DS30
2017-08-10,2125.71,DS30
2017-08-13,2126.03,DS30
2017-08-16,2112.32,DS30
2017-08-17,2109.09,DS30
2017-08-20,2098.78,DS30
2017-08-21,2097.86,DS30
2017-08-22,2103.33,DS30
2017-08-23,2102.29,DS30
2017-08-24,2111.34,DS30
2017-08-27,2118.5,DS30
2017-08-28,2121.36,DS30
2017-08-29,2124.89,DS30
2017-08-30,2126.57,DS30
2017-08-31,2138.72,DS30
2017-09-04,2145.0,DS30
2017-09-05,2157.08,DS30
2017-09-06,2160.48,DS30
2017-09-07,2178.5,DS30
2017-09-10,2201.43,DS30
2017-09-11,2208.78,DS30
2017-09-12,2200.72,DS30
2017-09-13,2212.14,DS30
2017-09-14,2225.19,DS30
2017-09-17,2226.62,DS30
2017-09-18,2217.49,DS30
2017-09-19,2214.09,DS30
2017-09-20,2198.61,DS30
2017-09-21,2197.53,DS30
2017-09-24,2199.81,DS30
2017-09-25,2185.97,DS30
2017-09-26,2182.73,DS30
2017-09-27,2178.05,DS30
2017-09-28,2177.61,DS30
2017-10-02,2176.82,DS30
2017-10-03,2181.67,DS30
2017-10-04,2190.46,DS30
2017-10-05,2201.43,DS30
2017-10-08,2215.15,DS30
2017-10-09,2199.66,DS30
2017-10-10,2207.0,DS30
2017-10-11,2208.44,DS30
2017-10-12,2197.46,DS30
2017-10-15,2193.5,DS30
2017-10-16,2189.11,DS30
2017-10-17,2181.87,DS30
2017-10-18,2178.25,DS30
2017-10-19,2188.29,DS30
2017-10-22,2189.26,DS30
2017-10-23,2174.51,DS30
2017-10-24,2173.2,DS30
2017-10-25,2181.88,DS30
2017-10-26,2173.88,DS30
2017-10-29,2156.64,DS30
2017-10-30,2162.8,DS30
2017-10-31,2168.03,DS30
2017-11-01,2188.99,DS30
2017-11-02,2201.45,DS30
2017-11-05,2198.36,DS30
2017-11-06,2208.48,DS30
2017-11-07,2210.72,DS30
2017-11-08,2229.88,DS30
2017-11-09,2244.1,DS30
2017-11-12,2259.34,DS30
2017-11-13,2261.87,DS30
2017-11-14,2277.91,DS30
2017-11-15,2270.3,DS30
2017-11-16,2279.64,DS30
2017-11-19,2290.34,DS30
2017-11-20,2286.11,DS30
2017-11-21,2268.73,DS30
2017-11-22,2270.66,DS30
2017-11-23,2277.35,DS30
2017-11-26,2280.0,DS30
2017-11-27,2267.64,DS30
2017-11-28,2255.22,DS30
2017-11-29,2261.03,DS30
2017-11-30,2270.13,DS30
2017-12-03,2273.97,DS30
2017-12-04,2266.3,DS30
2017-12-05,2278.06,DS30
2017-12-06,2271.47,DS30
2017-12-07,2264.07,DS30
2017-12-10,2250.22,DS30
2017-12-11,2246.27,DS30
2017-12-12,2257.41,DS30
2017-12-13,2251.67,DS30
2017-12-14,2247.18,DS30
2017-12-17,2239.29,DS30
2017-12-18,2244.54,DS30
2017-12-19,2243.87,DS30
2017-12-20,2231.16,DS30
2017-12-21,2231.19,DS30
2017-12-24,2231.05,DS30
2017-12-26,2244.92,DS30
2017-12-27,2261.38,DS30
2017-12-28,2283.22,DS30
2018-01-01,2281.55,DS30
2018-01-02,2291.37,DS30
2018-01-03,2301.81,DS30
2018-01-04,2295.21,DS30
2018-01-07,2283.21,DS30
2018-01-08,2261.45,DS30
2018-01-09,2262.78,DS30
2018-01-10,2253.5,DS30
2018-01-11,2260.24,DS30
2018-01-14,2242.5,DS30
2018-01-15,2224.86,DS30
2018-01-16,2247.07,DS30
2018-01-17,2236.14,DS30
2018-01-18,2241.11,DS30
2018-01-21,2260.58,DS30
2018-01-22,2285.72,DS30
2018-01-23,2302.44,DS30
2018-01-24,2303.95,DS30
2018-01-25,2304.69,DS30
2018-01-28,2281.14,DS30
2018-01-29,2293.96,DS30
2018-01-30,2267.0,DS30
2018-01-31,2238.95,DS30
2018-02-01,2227.92,DS30
2018-02-04,2191.58,DS30
2018-02-05,2191.29,DS30
2018-02-06,2216.17,DS30
2018-02-07,2216.13,DS30
2018-02-08,2225.48,DS30
2018-02-11,2255.82,DS30
2018-02-12,2244.04,DS30
2018-02-13,2246.03,DS30
2018-02-14,2250.53,DS30
2018-02-15,2230.92,DS30
2018-02-18,2193.54,DS30
2018-02-19,2188.92,DS30
2018-02-20,2173.26,DS30
2018-02-22,2170.25,DS30
2018-02-25,2142.05,DS30
2018-02-26,2127.09,DS30
2018-02-27,2141.17,DS30
2018-02-28,2146.37,DS30
2018-03-01,2168.96,DS30
2018-03-04,2172.4,DS30
2018-03-05,2152.36,DS30
2018-03-06,2155.86,DS30
2018-03-07,2143.62,DS30
2018-03-08,2143.82,DS30
2018-03-11,2126.17,DS30
2018-03-12,2107.44,DS30
2018-03-13,2085.54,DS30
2018-03-14,2090.98,DS30
2018-03-15,2116.09,DS30
2018-03-18,2118.79,DS30
2018-03-19,2105.29,DS30
2018-03-20,2102.35,DS30
2018-03-21,2084.99,DS30
2018-03-22,2082.27,DS30
2018-03-25,2075.36,DS30
2018-03-27,2056.76,DS30
2018-03-28,2055.36,DS30
2018-03-29,2106.02,DS30
2018-04-01,2150.0,DS30
2018-04-02,2176.71,DS30
2018-04-03,2165.98,DS30
2018-04-04,2167.23,DS30
2018-04-05,2194.53,DS30
2018-04-08,2198.98,DS30
2018-04-09,2207.6,DS30
2018-04-10,2195.66,DS30
2018-04-11,2190.88,DS30
2018-04-12,2186.79,DS30
2018-04-15,2175.92,DS30
2018-04-16,2179.08,DS30
2018-04-17,2176.15,DS30
2018-04-18,2190.77,DS30
2018-04-19,2204.17,DS30
2018-04-22,2187.06,DS30
2018-04-23,2179.85,DS30
2018-04-24,2164.7,DS30
2018-04-25,2166.69,DS30
2018-04-26,2171.81,DS30
2018-04-30,2143.54,DS30
2018-05-03,2128.31,DS30
2018-05-06,2119.85,DS30
2018-05-07,2114.12,DS30
2018-05-08,2095.55,DS30
2018-05-09,2085.52,DS30
2018-05-10,2073.53,DS30
2018-05-13,2075.36,DS30
2018-05-14,2075.86,DS30
2018-05-15,2072.12,DS30
2018-05-16,2055.55,DS30
2018-05-17,2025.38,DS30
2018-05-20,2009.01,DS30
2018-05-21,2007.08,DS30
2018-05-22,1990.78,DS30
2018-05-23,1988.41,DS30
2018-05-24,2014.87,DS30
2018-05-27,2023.18,DS30
2018-05-28,2011.4,DS30
2018-05-29,2006.01,DS30
2018-05-30,2001.79,DS30
2018-05-31,1974.99,DS30
2018-06-03,1965.46,DS30
2018-06-04,1973.01,DS30
2018-06-05,1980.43,DS30
2018-06-06,1993.55,DS30
2018-06-07,1978.07,DS30
2018-06-10,1954.05,DS30
2018-06-11,1952.97,DS30
2018-06-12,1958.21,DS30
2018-06-18,1941.86,DS30
2018-06-19,1942.47,DS30
2018-06-20,1954.7,DS30
2018-06-21,1981.8,DS30
2018-06-24,2010.42,DS30
2018-06-25,1977.04,DS30
2018-06-26,1965.68,DS30
2018-06-27,1968.56,DS30
2018-06-28,1959.94,DS30
2018-07-02,1915.82,DS30
2018-07-03,1894.53,DS30
2018-07-04,1902.57,DS30
2018-07-05,1926.46,DS30
2018-07-08,1929.13,DS30
2018-07-09,1910.77,DS30
2018-07-10,1911.85,DS30
2018-07-11,1915.34,DS30
2018-07-12,1906.77,DS30
2018-07-15,1895.16,DS30
2018-07-16,1897.24,DS30
2018-07-17,1894.37,DS30
2018-07-18,1899.97,DS30
2018-07-19,1904.46,DS30
2018-07-22,1908.52,DS30
2018-07-23,1913.05,DS30
2018-07-24,1902.94,DS30
2018-07-25,1895.09,DS30
2018-07-26,1890.51,DS30
2018-07-29,1878.76,DS30
2018-07-30,1871.73,DS30
2018-07-31,1881.46,DS30
2018-08-01,1894.3,DS30
2018-08-02,1899.23,DS30
2018-08-05,1887.15,DS30
2018-08-06,1889.42,DS30
2018-08-07,1901.83,DS30
2018-08-08,1905.29,DS30
2018-08-09,1893.33,DS30
2018-08-12,1892.7,DS30
2018-08-13,1884.94,DS30
2018-08-14,1901.42,DS30
2018-08-16,1915.27,DS30
2018-08-19,1938.38,DS30
2018-08-20,1948.16,DS30
2018-08-26,1961.77,DS30
2018-08-27,1964.88,DS30
2018-08-28,1974.3,DS30
2018-08-29,1967.81,DS30
2018-08-30,1960.71,DS30
2018-09-03,1959.66,DS30
2018-09-04,1950.33,DS30
2018-09-05,1955.61,DS30
2018-09-06,1958.53,DS30
2018-09-09,1947.39,DS30
2018-09-10,1941.07,DS30
2018-09-11,1938.44,DS30
2018-09-12,1932.01,DS30
2018-09-13,1919.87,DS30
2018-09-16,1911.08,DS30
2018-09-17,1902.42,DS30
2018-09-18,1905.09,DS30
2018-09-19,1911.21,DS30
2018-09-20,1901.0,DS30
2018-09-23,1897.22,DS30
2018-09-24,1883.46,DS30
2018-09-25,1891.69,DS30
2018-09-26,1897.88,DS30
2018-09-27,1884.82,DS30
2018-09-30,1889.7,DS30
2018-10-01,1888.33,DS30
2018-10-02,1892.66,DS30
2018-10-03,1899.46,DS30
2018-10-04,1898.35,DS30
2018-10-07,1902.24,DS30
2018-10-08,1909.69,DS30
2018-10-09,1928.93,DS30
2018-10-10,1922.39,DS30
2018-10-11,1925.76,DS30
2018-10-14,1922.92,DS30
2018-10-15,1899.91,DS30
2018-10-16,1903.17,DS30
2018-10-17,1897.88,DS30
2018-10-18,1896.07,DS30
2018-10-21,1884.32,DS30
2018-10-22,1859.32,DS30
2018-10-23,1863.96,DS30
2018-10-24,1872.01,DS30
2018-10-25,1876.05,DS30
2018-10-28,1852.83,DS30
2018-10-29,1860.34,DS30
2018-10-30,1876.7,DS30
2018-10-31,1878.03,DS30
2018-11-01,1865.35,DS30
2018-11-04,1852.66,DS30
2018-11-05,1848.26,DS30
2018-11-06,1842.93,DS30
2018-11-07,1853.72,DS30
2018-11-08,1859.09,DS30
2018-11-11,1868.3,DS30
2018-11-12,1855.45,DS30
2018-11-13,1866.77,DS30
2018-11-14,1860.28,DS30
2018-11-15,1856.11,DS30
2018-11-18,1853.04,DS30
2018-11-19,1853.08,DS30
2018-11-20,1868.86,DS30
2018-11-22,1868.96,DS30
2018-11-25,1855.44,DS30
2018-11-26,1857.72,DS30
2018-11-27,1862.03,DS30
2018-11-28,1860.6,DS30
2018-11-29,1861.56,DS30
2018-12-02,1855.47,DS30
2018-12-03,1855.96,DS30
2018-12-04,1870.37,DS30
2018-12-05,1872.44,DS30
2018-12-06,1862.48,DS30
2018-12-09,1855.67,DS30
2018-12-10,1849.69,DS30
2018-12-11,1848.72,DS30
2018-12-12,1842.79,DS30
2018-12-13,1843.77,DS30
2018-12-17,1842.15,DS30
2018-12-18,1843.41,DS30
2018-12-19,1836.24,DS30
2018-12-20,1842.11,DS30
2018-12-23,1850.75,DS30
2018-12-24,1854.75,DS30
2018-12-26,1867.68,DS30
2018-12-27,1880.78,DS30
2019-01-01,1908.19,DS30
2019-01-02,1912.97,DS30
2019-01-03,1941.99,DS30
2019-01-06,1974.09,DS30
2019-01-07,1963.89,DS30
2019-01-08,2001.18,DS30
2019-01-09,2011.11,DS30
2019-01-10,2011.74,DS30
2019-01-13,2030.43,DS30
2019-01-14,2025.99,DS30
2019-01-15,2029.07,DS30
2019-01-16,2017.26,DS30
2019-01-17,2009.48,DS30
2019-01-20,2029.89,DS30
2019-01-21,2021.7,DS30
2019-01-22,2026.1,DS30
2019-01-23,2043.03,DS30
2019-01-24,2049.0,DS30
2019-01-27,2043.52,DS30
2019-01-28,2046.77,DS30
2019-01-29,2046.29,DS30
2019-01-30,2031.73,DS30
2019-01-31,2007.96,DS30
2019-02-03,2003.84,DS30
2019-02-04,2018.2,DS30
2019-02-05,2021.22,DS30
2019-02-06,2022.57,DS30
2019-02-07,2026.09,DS30
2019-02-10,2024.68,DS30
2019-02-11,2003.02,DS30
2019-02-12,1999.79,DS30
2019-02-13,2003.32,DS30
2019-02-14,1999.08,DS30
2019-02-17,2004.74,DS30
2019-02-18,1987.39,DS30
2019-02-19,1995.0,DS30
2019-02-20,2002.17,DS30
2019-02-24,1996.78,DS30
2019-02-25,2016.74,DS30
2019-02-26,2014.4,DS30
2019-02-27,1998.65,DS30
2019-02-28,1998.65,DS30
2019-03-03,2002.42,DS30
2019-03-04,1991.7,DS30
2019-03-05,1995.9,DS30
2019-03-06,1993.13,DS30
2019-03-07,1990.32,DS30
2019-03-10,2001.33,DS30
2019-03-11,1998.87,DS30
2019-03-12,2013.75,DS30
2019-03-13,2005.49,DS30
2019-03-14,2023.66,DS30
2019-03-18,2017.9,DS30
2019-03-19,2014.68,DS30
2019-03-20,2005.58,DS30
2019-03-21,1992.99,DS30
2019-03-24,1972.25,DS30
2019-03-25,1980.07,DS30
2019-03-27,1968.74,DS30
2019-03-28,1968.68,DS30
2019-03-31,1967.21,DS30
2019-04-01,1971.63,DS30
2019-04-02,1977.53,DS30
2019-04-03,1947.86,DS30
2019-04-04,1948.46,DS30
2019-04-07,1942.76,DS30
2019-04-08,1924.53,DS30
2019-04-09,1900.53,DS30
2019-04-10,1877.92,DS30
2019-04-11,1902.97,DS30
2019-04-15,1901.35,DS30
2019-04-16,1876.81,DS30
2019-04-17,1880.5,DS30
2019-04-18,1897.58,DS30
2019-04-21,1892.94,DS30
2019-04-23,1872.74,DS30
2019-04-24,1868.13,DS30
2019-04-25,1863.94,DS30
2019-04-28,1855.91,DS30
2019-04-29,1835.74,DS30
2019-04-30,1846.67,DS30
2019-05-02,1870.58,DS30
2019-05-05,1901.66,DS30
2019-05-06,1881.21,DS30
2019-05-07,1861.82,DS30
2019-05-08,1858.04,DS30
2019-05-09,1851.34,DS30
2019-05-12,1846.48,DS30
2019-05-13,1836.39,DS30
2019-05-14,1825.51,DS30
2019-05-15,1812.81,DS30
2019-05-16,1818.2,DS30
2019-05-19,1849.85,DS30
2019-05-20,1833.36,DS30
2019-05-21,1822.78,DS30
2019-05-22,1830.32,DS30
2019-05-23,1832.81,DS30
2019-05-26,1825.37,DS30
2019-05-27,1828.3,DS30
2019-05-28,1861.37,DS30
2019-05-29,1868.26,DS30
2019-05-30,1876.59,DS30
2019-06-09,1889.03,DS30
2019-06-10,1901.67,DS30
2019-06-11,1921.83,DS30
2019-06-12,1917.36,DS30
2019-06-13,1918.73,DS30
2019-06-16,1905.09,DS30
2019-06-17,1889.39,DS30
2019-06-18,1895.1,DS30
2019-06-19,1897.81,DS30
2019-06-20,1894.39,DS30
2019-06-23,1896.72,DS30
2019-06-24,1893.82,DS30
2019-06-25,1896.49,DS30
2019-06-26,1911.55,DS30
2019-06-27,1924.9,DS30
2019-06-30,1929.09,DS30
2019-07-02,1912.57,DS30
2019-07-03,1909.66,DS30
2019-07-04,1910.07,DS30
2019-07-07,1890.38,DS30
2019-07-08,1886.16,DS30
2019-07-09,1875.52,DS30
2019-07-10,1860.9,DS30
2019-07-11,1857.71,DS30
2019-07-14,1853.28,DS30
2019-07-15,1818.52,DS30
2019-07-16,1829.48,DS30
2019-07-17,1830.02,DS30
2019-07-18,1829.57,DS30
2019-07-21,1799.41,DS30
2019-07-22,1776.14,DS30
2019-07-23,1814.62,DS30
2019-07-24,1816.7,DS30
2019-07-25,1836.18,DS30
2019-07-28,1839.54,DS30
2019-07-29,1844.29,DS30
2019-07-30,1826.91,DS30
2019-07-31,1827.9,DS30
2019-08-01,1838.5,DS30
2019-08-04,1836.78,DS30
2019-08-05,1826.68,DS30
2019-08-06,1836.45,DS30
2019-08-07,1836.99,DS30
2019-08-08,1837.75,DS30
2019-08-18,1841.79,DS30
2019-08-19,1847.26,DS30
2019-08-20,1845.54,DS30
2019-08-21,1841.67,DS30
2019-08-22,1850.01,DS30
2019-08-25,1841.76,DS30
2019-08-26,1819.67,DS30
2019-08-27,1829.14,DS30
2019-08-28,1817.71,DS30
2019-08-29,1800.05,DS30
2019-09-01,1791.43,DS30
2019-09-02,1775.0,DS30
2019-09-03,1759.11,DS30
2019-09-04,1748.41,DS30
2019-09-05,1758.2,DS30
2019-09-08,1766.76,DS30
2019-09-09,1758.11,DS30
2019-09-11,1736.18,DS30
2019-09-12,1737.06,DS30
2019-09-15,1738.93,DS30
2019-09-16,1755.74,DS30
2019-09-17,1751.81,DS30
2019-09-18,1735.85,DS30
2019-09-19,1735.93,DS30
2019-09-22,1766.52,DS30
2019-09-23,1789.97,DS30
2019-09-24,1774.11,DS30
2019-09-25,1766.71,DS30
2019-09-26,1768.94,DS30
2019-09-29,1767.98,DS30
2019-09-30,1759.96,DS30
2019-10-01,1759.75,DS30
2019-10-02,1758.5,DS30
2019-10-03,1755.23,DS30
2019-10-06,1747.67,DS30
2019-10-07,1739.48,DS30
2019-10-09,1724.9,DS30
2019-10-10,1704.54,DS30
2019-10-13,1689.16,DS30
2019-10-14,1669.89,DS30
2019-10-15,1704.12,DS30
2019-10-16,1685.46,DS30
2019-10-17,1679.02,DS30
2019-10-20,1685.95,DS30
2019-10-21,1675.49,DS30
2019-10-22,1660.88,DS30
2019-10-23,1659.33,DS30
2019-10-24,1675.09,DS30
2019-10-27,1668.36,DS30
2019-10-28,1648.94,DS30
2019-10-29,1635.5,DS30
2019-10-30,1631.47,DS30
2019-10-31,1627.74,DS30
2019-11-03,1638.35,DS30
2019-11-04,1626.6,DS30
2019-11-05,1637.14,DS30
2019-11-06,1654.19,DS30
2019-11-07,1657.91,DS30
2019-11-11,1664.35,DS30
2019-11-12,1664.31,DS30
2019-11-13,1647.05,DS30
2019-11-14,1638.24,DS30
2019-11-17,1642.36,DS30
2019-11-18,1652.15,DS30
2019-11-19,1661.22,DS30
2019-11-20,1645.3,DS30
2019-11-21,1650.63,DS30
2019-11-24,1638.16,DS30
2019-11-25,1635.85,DS30
2019-11-26,1634.79,DS30
2019-11-27,1646.33,DS30
2019-11-28,1647.7,DS30
2019-12-01,1644.83,DS30
2019-12-02,1629.04,DS30
2019-12-03,1617.24,DS30
2019-12-04,1617.62,DS30
2019-12-05,1605.82,DS30
2019-12-08,1583.05,DS30
2019-12-09,1561.5,DS30
2019-12-10,1548.37,DS30
2019-12-11,1552.15,DS30
2019-12-12,1548.12,DS30
2019-12-15,1538.62,DS30
2019-12-17,1508.28,DS30
2019-12-18,1498.69,DS30
2019-12-19,1513.47,DS30
2019-12-22,1501.6,DS30
2019-12-23,1494.54,DS30
2019-12-24,1496.4,DS30
2019-12-26,1508.95,DS30
2019-12-29,1512.33,DS30
2019-12-30,1513.34,DS30
2020-01-01,1501.78,DS30
2020-01-02,1506.12,DS30
2020-01-05,1480.31,DS30
2020-01-06,1451.89,DS30
2020-01-07,1436.26,DS30
2020-01-08,1421.38,DS30
2020-01-09,1406.37,DS30
2020-01-12,1415.7,DS30
2020-01-13,1387.78,DS30
2020-01-14,1361.64,DS30
2020-01-15,1371.23,DS30
2020-01-16,1406.59,DS30
2020-01-19,1487.25,DS30
2020-01-20,1514.54,DS30
2020-01-21,1507.14,DS30
2020-01-22,1519.84,DS30
2020-01-23,1543.42,DS30
2020-01-26,1545.85,DS30
2020-01-27,1541.23,DS30
2020-01-28,1543.69,DS30
2020-01-29,1526.44,DS30
2020-01-30,1524.04,DS30
2020-02-02,1525.03,DS30
2020-02-03,1536.16,DS30
2020-02-04,1526.3,DS30
2020-02-05,1519.22,DS30
2020-02-06,1513.86,DS30
2020-02-09,1492.45,DS30
2020-02-10,1491.57,DS30
2020-02-11,1517.22,DS30
2020-02-12,1516.06,DS30
2020-02-13,1536.63,DS30
2020-02-16,1592.32,DS30
2020-02-17,1599.0,DS30
2020-02-18,1590.87,DS30
2020-02-19,1599.55,DS30
2020-02-20,1592.8,DS30
2020-02-23,1591.75,DS30
2020-02-24,1571.21,DS30
2020-02-25,1550.97,DS30
2020-02-26,1517.7,DS30
2020-02-27,1492.37,DS30
2020-03-01,1474.67,DS30
2020-03-02,1479.71,DS30
2020-03-03,1485.16,DS30
2020-03-04,1470.11,DS30
2020-03-05,1462.24,DS30
2020-03-08,1435.0,DS30
2020-03-09,1346.11,DS30
2020-03-10,1390.15,DS30
2020-03-11,1413.61,DS30
2020-03-12,1381.59,DS30
2020-03-15,1333.27,DS30
2020-03-16,1265.07,DS30
2020-03-18,1203.43,DS30
2020-03-19,1325.81,DS30
2020-03-22,1321.59,DS30
2020-03-23,1323.8,DS30
2020-03-24,1323.77,DS30
2020-03-25,1330.83,DS30
2020-03-29,1330.83,DS30
2020-05-31,1365.37,DS30
2020-06-01,1347.18,DS30
2020-06-02,1330.5,DS30
2020-06-03,1328.5,DS30
2020-06-04,1321.49,DS30
2020-06-07,1327.99,DS30
2020-06-08,1324.9,DS30
2020-06-09,1329.15,DS30
2020-06-10,1332.31,DS30
2020-06-11,1331.75,DS30
2020-06-14,1329.02,DS30
2020-06-15,1324.77,DS30
2020-06-16,1325.63,DS30
2020-06-17,1325.7,DS30
2020-06-18,1325.42,DS30
2020-06-21,1326.83,DS30
2020-06-22,1326.7,DS30
2020-06-23,1326.35,DS30
2020-06-24,1327.33,DS30
2020-06-25,1330.31,DS30
2020-06-28,1331.73,DS30
2020-06-29,1335.51,DS30
2020-06-30,1340.98,DS30
2020-07-02,1339.49,DS30
2020-07-05,1336.12,DS30
2020-07-06,1342.72,DS30
2020-07-07,1346.47,DS30
2020-07-08,1357.5,DS30
2020-07-09,1369.36,DS30
2020-07-12,1383.71,DS30
2020-07-13,1376.07,DS30
2020-07-14,1374.04,DS30
2020-07-15,1375.08,DS30
2020-07-16,1368.76,DS30
2020-07-19,1356.64,DS30
2020-07-20,1364.68,DS30
2020-07-21,1372.08,DS30
2020-07-22,1371.9,DS30
2020-07-23,1374.58,DS30
2020-07-26,1397.67,DS30
2020-07-27,1400.88,DS30
2020-07-28,1402.54,DS30
2020-07-29,1401.79,DS30
2020-07-30,1420.63,DS30
2020-08-03,1442.78,DS30
2020-08-04,1454.88,DS30
2020-08-05,1452.41,DS30
2020-08-06,1475.87,DS30
2020-08-09,1540.33,DS30
2020-08-10,1544.13,DS30
2020-08-12,1581.46,DS30
2020-08-13,1594.3,DS30
2020-08-16,1639.89,DS30
2020-08-17,1618.05,DS30
2020-08-18,1608.96,DS30
2020-08-19,1643.87,DS30
2020-08-20,1647.06,DS30
2020-08-23,1650.98,DS30
2020-08-24,1645.73,DS30
2020-08-25,1660.53,DS30
2020-08-26,1679.05,DS30
2020-08-27,1690.1,DS30
2020-08-31,1699.54,DS30
2020-09-01,1696.4,DS30
2020-09-02,1714.65,DS30
2020-09-03,1715.41,DS30
2020-09-06,1716.83,DS30
2020-09-07,1723.91,DS30
2020-09-08,1734.23,DS30
2020-09-09,1726.9,DS30
2020-09-10,1740.23,DS30
2020-09-13,1756.88,DS30
2020-09-14,1756.0,DS30
2020-09-15,1761.33,DS30
2020-09-16,1764.11,DS30
2020-09-17,1761.6,DS30
2020-09-20,1752.86,DS30
2020-09-21,1726.96,DS30
2020-09-22,1714.34,DS30
2020-09-23,1708.48,DS30
2020-09-24,1701.19,DS30
2020-09-27,1690.78,DS30
2020-09-28,1712.61,DS30
2020-09-29,1705.13,DS30
2020-09-30,1695.99,DS30
2020-10-01,1710.71,DS30
2020-10-04,1707.49,DS30
2020-10-05,1685.24,DS30
2020-10-06,1678.48,DS30
2020-10-07,1677.66,DS30
2020-10-08,1669.37,DS30
2020-10-11,1647.59,DS30
2020-10-12,1637.49,DS30
2020-10-13,1649.19,DS30
2020-10-14,1656.32,DS30
2020-10-15,1670.45,DS30
2020-10-18,1675.55,DS30
2020-10-19,1690.27,DS30
2020-10-20,1694.39,DS30
2020-10-21,1695.07,DS30
2020-10-22,1692.43,DS30
2020-10-25,1682.91,DS30
2020-10-27,1675.4,DS30
2020-10-28,1665.49,DS30
2020-10-29,1680.13,DS30
2020-11-01,1700.01,DS30
2020-11-02,1698.98,DS30
2020-11-03,1702.37,DS30
2020-11-04,1706.42,DS30
2020-11-05,1725.64,DS30
2020-11-08,1718.8,DS30
2020-11-09,1719.86,DS30
2020-11-10,1703.32,DS30
2020-11-11,1710.43,DS30
2020-11-12,1711.59,DS30
2020-11-15,1696.53,DS30
2020-11-16,1696.8,DS30
2020-11-17,1704.03,DS30
2020-11-18,1699.77,DS30
2020-11-19,1701.33,DS30
2020-11-22,1687.78,DS30
2020-11-23,1669.87,DS30
2020-11-24,1674.7,DS30
2020-11-25,1681.94,DS30
2020-11-26,1689.7,DS30
2020-11-29,1698.79,DS30
2020-11-30,1687.4,DS30
2020-12-01,1695.5,DS30
2020-12-02,1704.98,DS30
2020-12-03,1727.12,DS30
2020-12-06,1748.64,DS30
2020-12-07,1763.21,DS30
2020-12-08,1760.22,DS30
2020-12-09,1767.1,DS30
2020-12-10,1775.15,DS30
2020-12-13,1798.74,DS30
2020-12-14,1813.2,DS30
2020-12-15,1806.03,DS30
2020-12-17,1798.61,DS30
2020-12-20,1794.13,DS30
2020-12-21,1818.21,DS30
2020-12-22,1812.52,DS30
2020-12-23,1836.23,DS30
2020-12-24,1876.73,DS30
2020-12-27,1915.67,DS30
2020-12-28,1924.25,DS30
2020-12-29,1936.57,DS30
2020-12-30,1963.96,DS30
2021-01-03,2078.95,DS30
2021-01-04,2091.78,DS30
2021-01-05,2058.86,DS30
2021-01-06,2072.03,DS30
2021-01-07,2048.06,DS30
2021-01-10,2067.19,DS30
2021-01-11,2123.96,DS30
2021-01-12,2194.98,DS30
2021-01-13,2159.88,DS30
2021-01-14,2236.77,DS30
2021-01-17,2208.82,DS30
2021-01-18,2195.02,DS30
2021-01-19,2203.39,DS30
2021-01-20,2207.49,DS30
2021-01-21,2208.44,DS30
2021-01-24,2210.19,DS30
2021-01-25,2202.01,DS30
2021-01-26,2162.99,DS30
2021-01-27,2178.6,DS30
2021-01-28,2191.2,DS30
2021-01-31,2160.39,DS30
2021-02-01,2125.48,DS30
2021-02-02,2109.45,DS30
2021-02-03,2136.46,DS30
2021-02-04,2173.73,DS30
2021-02-07,2091.11,DS30
2021-02-08,2023.46,DS30
2021-02-09,2086.35,DS30
2021-02-10,2101.82,DS30
2021-02-11,2110.69,DS30
2021-02-14,2099.98,DS30
2021-02-15,2146.14,DS30
2021-02-16,2146.16,DS30
2021-02-17,2120.4,DS30
2021-02-18,2105.57,DS30
2021-02-22,2057.36,DS30
2021-02-23,2017.53,DS30
2021-02-24,2056.37,DS30
2021-02-25,2065.79,DS30
2021-02-28,2056.83,DS30
2021-03-01,2069.39,DS30
2021-03-02,2108.15,DS30
2021-03-03,2092.3,DS30
2021-03-04,2112.68,DS30
2021-03-07,2156.05,DS30
2021-03-08,2168.0,DS30
2021-03-09,2165.42,DS30
2021-03-10,2149.92,DS30
2021-03-11,2154.66,DS30
2021-03-14,2126.29,DS30
2021-03-15,2129.18,DS30
2021-03-16,2111.86,DS30
2021-03-18,2073.88,DS30
2021-03-21,2034.57,DS30
2021-03-22,2066.86,DS30
2021-03-23,2063.56,DS30
2021-03-24,2024.66,DS30
2021-03-25,2020.9,DS30
2021-03-28,2022.18,DS30
2021-03-29,2036.62,DS30
2021-03-31,1994.4,DS30
2021-04-01,1983.3,DS30
2021-04-04,1901.12,DS30
2021-04-05,1944.65,DS30
2021-04-06,1988.26,DS30
2021-04-07,2011.19,DS30
2021-04-08,1990.39,DS30
2021-04-11,1952.91,DS30
2021-04-12,1960.8,DS30
2021-04-13,1997.63,DS30
2021-04-15,2026.82,DS30
2021-04-18,2040.25,DS30
2021-04-19,2046.69,DS30
2021-04-20,2082.81,DS30
2021-04-21,2083.49,DS30
2021-04-22,2087.55,DS30
2021-04-25,2117.69,DS30
2021-04-26,2125.89,DS30
2021-04-27,2092.48,DS30
2021-04-28,2112.36,DS30
2021-04-29,2110.91,DS30
2021-05-02,2123.32,DS30
2021-05-03,2116.05,DS30
2021-05-04,2118.71,DS30
2021-05-05,2132.1,DS30
2021-05-06,2137.28,DS30
2021-05-09,2165.99,DS30
2021-05-11,2194.75,DS30
2021-05-12,2186.87,DS30
2021-05-16,2192.65,DS30
2021-05-17,2199.29,DS30
2021-05-18,2194.79,DS30
2021-05-19,2201.0,DS30
2021-05-20,2178.47,DS30
2021-05-23,2161.72,DS30
2021-05-24,2172.94,DS30
2021-05-25,2170.24,DS30
2021-05-27,2189.73,DS30
2021-05-30,2208.28,DS30
2021-05-31,2205.81,DS30
2021-06-01,2193.63,DS30
2021-06-02,2195.33,DS30
2021-06-03,2203.59,DS30
2021-06-06,2222.55,DS30
2021-06-07,2195.12,DS30
2021-06-08,2195.98,DS30
2021-06-09,2202.62,DS30
2021-06-10,2205.09,DS30
2021-06-13,2192.56,DS30
2021-06-14,2172.97,DS30
2021-06-15,2176.88,DS30
2021-06-16,2183.26,DS30
2021-06-17,2197.06,DS30
2021-06-20,2207.29,DS30
2021-06-21,2220.89,DS30
2021-06-22,2205.7,DS30
2021-06-23,2188.83,DS30
2021-06-24,2199.52,DS30
2021-06-27,2168.63,DS30
2021-06-28,2176.64,DS30
2021-06-29,2185.82,DS30
2021-06-30,2208.37,DS30
2021-07-04,2208.37,DS30
2021-07-05,2225.12,DS30
2021-07-06,2229.04,DS30
2021-07-07,2231.54,DS30
2021-07-08,2248.21,DS30
2021-07-12,2259.04,DS30
2021-07-13,2273.75,DS30
2021-07-14,2274.69,DS30
2021-07-15,2274.9,DS30
2021-07-18,2306.02,DS30
2021-07-19,2322.37,DS30
2021-07-25,2336.47,DS30
2021-07-26,2322.73,DS30
2021-07-27,2308.74,DS30
2021-07-28,2323.48,DS30
2021-07-29,2327.87,DS30
2021-08-02,2344.1,DS30
2021-08-03,2366.44,DS30
2021-08-05,2385.89,DS30
2021-08-09,2392.62,DS30
2021-08-10,2384.1,DS30
2021-08-11,2397.65,DS30
2021-08-12,2427.57,DS30
2021-08-16,2427.62,DS30
2021-08-17,2422.17,DS30
2021-08-18,2426.82,DS30
2021-08-19,2423.54,DS30
2021-08-22,2451.89,DS30
2021-08-23,2459.94,DS30
2021-08-24,2463.55,DS30
2021-08-25,2459.69,DS30
2021-08-26,2453.43,DS30
